-- phpMyAdmin SQL Dump
-- version 4.7.9
-- https://www.phpmyadmin.net/
--
-- Host: 127.0.0.1:3306
-- Generation Time: 21-Out-2018 às 20:57
-- Versão do servidor: 5.7.21
-- PHP Version: 5.6.35

SET SQL_MODE = "NO_AUTO_VALUE_ON_ZERO";
SET AUTOCOMMIT = 0;
START TRANSACTION;
SET time_zone = "+00:00";


/*!40101 SET @OLD_CHARACTER_SET_CLIENT=@@CHARACTER_SET_CLIENT */;
/*!40101 SET @OLD_CHARACTER_SET_RESULTS=@@CHARACTER_SET_RESULTS */;
/*!40101 SET @OLD_COLLATION_CONNECTION=@@COLLATION_CONNECTION */;
/*!40101 SET NAMES utf8mb4 */;

--
-- Database: `bd_sggp`
--
CREATE DATABASE IF NOT EXISTS `bd_sggp` DEFAULT CHARACTER SET utf8 COLLATE utf8_swedish_ci;
USE `bd_sggp`;

-- --------------------------------------------------------

--
-- Estrutura da tabela `tb_especialidades`
--

DROP TABLE IF EXISTS `tb_especialidades`;
CREATE TABLE IF NOT EXISTS `tb_especialidades` (
  `id` int(11) NOT NULL AUTO_INCREMENT,
  `id_subarea` int(11) NOT NULL,
  `codigo` int(8) NOT NULL,
  `nome` varchar(255) COLLATE utf8_swedish_ci NOT NULL,
  PRIMARY KEY (`id`),
  KEY `id_subarea` (`id_subarea`)
) ENGINE=MyISAM AUTO_INCREMENT=764 DEFAULT CHARSET=utf8 COLLATE=utf8_swedish_ci;

--
-- Extraindo dados da tabela `tb_especialidades`
--

INSERT INTO `tb_especialidades` (`id`, `id_subarea`, `codigo`, `nome`) VALUES
(1, 1, 10101004, 'ALGEBRA'),
(2, 1, 10102000, 'ANÁLISE'),
(3, 1, 10103007, 'GEOMETRIA E TOPOLOGIA'),
(4, 1, 10104003, 'MATEMÁTICA APLICADA'),
(9, 3, 10303006, 'METODOLOGIA E TÉCNICAS DA COMPUTAÇÃO'),
(8, 3, 10302000, 'MATEMÁTICA DA COMPUTAÇÃO'),
(7, 3, 10301003, 'TEORIA DA COMPUTAÇÃO'),
(6, 2, 10203001, 'PROBABILIDADE E ESTATÍSTICA APLICADAS'),
(5, 2, 10202005, 'ESTATÍSTICA'),
(10, 3, 10304002, 'SISTEMAS DE COMPUTAÇÃO'),
(11, 4, 10401008, 'ASTRONOMIA DE POSIÇÃO E MECÂNICA CELESTE'),
(12, 4, 10402004, 'ASTROFÍSICA ESTELAR'),
(13, 4, 10403000, 'ASTROFÍSICA DO MEIO INTERESTELAR'),
(14, 4, 10404007, 'ASTROFÍSICA EXTRAGALÁTICA'),
(15, 4, 10405003, 'ASTROFÍSICA DO SISTEMA SOLAR'),
(16, 4, 10406000, 'INSTRUMENTAÇÃO ASTRONÔMICA'),
(17, 5, 10501002, 'FÍSICA GERAL'),
(18, 5, 10502009, 'ÁREAS CLÁSSICAS DE FENOMENOLOGIA E SUAS APLICAÇÕES'),
(19, 5, 10503005, 'FÍSICA DAS PARTÍCULAS ELEMENTARES E CAMPOS'),
(20, 5, 10504001, 'FÍSICA NUCLEAR'),
(21, 5, 10505008, 'FÍSICA ATÔMICA E MOLECULAR'),
(22, 5, 10506004, 'FÍSICA DOS FLÚIDOS, FÍSICA DE PLASMAS E DESCARGAS ELÉTRICAS\r\n'),
(23, 5, 10507000, 'FÍSICA DA MATÉRIA CONDENSADA\r\n'),
(24, 6, 10601007, 'QUÍMICA ORGÂNICA'),
(25, 6, 10602003, 'QUÍMICA INORGÂNICA'),
(26, 6, 10603000, 'FÍSICO-QUÍMICA\r\n'),
(27, 6, 10604006, 'QUÍMICA ANALÍTICA\r\n'),
(32, 7, 10701001, 'GEOLOGIA'),
(28, 7, 10702008, 'GEOFÍSICA'),
(29, 7, 10703004, 'METEOROLOGIA'),
(30, 7, 10704000, 'GEODÉSIA'),
(31, 7, 10705007, 'GEOGRAFIA FÍSICA'),
(36, 8, 10801006, 'OCEANOGRAFIA BIOLÓGICA'),
(33, 8, 10802002, 'OCEANOGRAFIA FÍSICA'),
(34, 8, 10803009, 'OCEANOGRAFIA QUÍMICA'),
(35, 8, 10804005, 'OCEANOGRAFIA GEOLÓGICA'),
(42, 11, 20201001, 'GENÉTICA QUANTITATIVA'),
(37, 11, 20202008, 'GENÉTICA MOLECULAR E DE MICRO-ORGANISMOS'),
(38, 11, 20203004, 'GENÉTICA VEGETAL'),
(39, 11, 20204000, 'GENÉTICA ANIMAL'),
(40, 11, 20205007, 'GENÉTICA HUMANA E MÉDICA'),
(41, 11, 20206003, 'MUTAGÊNESE'),
(48, 20, 20301006, 'PALEOBOTÂNICA'),
(43, 20, 20302002, 'MORFOLOGIA VEGETAL'),
(44, 20, 20303009, 'FISIOLOGIA VEGETAL'),
(45, 20, 20304005, 'TAXONOMIA VEGETAL'),
(46, 20, 20305001, 'FITOGEOGRAFIA'),
(47, 20, 20306008, 'BOTÂNICA APLICADA'),
(54, 21, 20401000, 'PALEOZOOLOGIA'),
(49, 21, 20402007, 'MORFOLOGIA DOS GRUPOS RECENTES'),
(50, 21, 20403003, 'FISIOLOGIA DOS GRUPOS RECENTES'),
(51, 21, 20404000, 'COMPORTAMENTO ANIMAL'),
(52, 21, 20405006, 'TAXONOMIA DOS GRUPOS RECENTES'),
(53, 21, 20406002, 'ZOOLOGIA APLICADA'),
(55, 12, 20601000, 'CITOLOGIA E BIOLOGIA CELULAR'),
(56, 12, 20602006, 'EMBRIOLOGIA'),
(57, 12, 20603002, 'HISTOLOGIA'),
(58, 12, 20604009, 'ANATOMIA'),
(59, 13, 20701004, 'FISIOLOGIA GERAL'),
(60, 13, 20702000, 'FISIOLOGIA DOS ÓRGÃOS E SISTEMAS'),
(61, 13, 20703007, 'FISIOLOGIA DO ESFORÇO'),
(62, 13, 20704003, 'FISIOLOGIA COMPARADA'),
(63, 14, 20801009, 'QUÍMICA DE MACROMOLÉCULAS'),
(64, 14, 20802005, 'BIOQUÍMICA DOS MICRO-ORGANISMOS'),
(65, 14, 20803001, 'METABOLISMO E BIOENERGÉTICA'),
(66, 14, 20804008, 'BIOLOGIA MOLECULAR'),
(67, 14, 20805004, 'ENZIMOLOGIA'),
(68, 15, 20901003, 'BIOFÍSICA MOLECULAR'),
(69, 15, 20902000, 'BIOFÍSICA CELULAR'),
(70, 15, 20903006, 'BIOFÍSICA DE PROCESSOS E SISTEMAS'),
(71, 15, 20904002, 'RADIOLOGIA E FOTOBIOLOGIA'),
(72, 16, 21001006, 'FARMACOLOGIA GERAL'),
(73, 16, 21002002, 'FARMACOLOGIA AUTONÔMICA'),
(74, 16, 21003009, 'NEURO-PSICOFARMACOLOGIA'),
(75, 16, 21004005, 'FARMACOLOGIA CARDIORRENAL'),
(76, 16, 21005001, 'FARMACOLOGIA BIOQUÍMICA E MOLECULAR'),
(77, 16, 21006008, 'ETNO-FARMACOLOGIA'),
(78, 16, 21007004, 'TOXICOLOGIA\r\n'),
(79, 16, 21008000, 'FARMACOLOGIA CLÍNICA'),
(80, 17, 21101000, 'IMUNOQUÍMICA'),
(81, 17, 21102007, 'IMUNOLOGIA CELULAR'),
(82, 17, 21103003, 'IMUNOGENÉTICA'),
(83, 17, 21104000, 'IMUNOLOGIA APLICADA'),
(84, 18, 21201005, 'BIOLOGIA E FISIOLOGIA DOS MICRO-ORGANISMOS'),
(85, 18, 21202001, 'MICROBIOLOGIA APLICADA'),
(86, 19, 21301000, 'PROTOZOOLOGIA DE PARASITOS'),
(87, 19, 21302006, 'HELMINTOLOGIA DE PARASITOS'),
(88, 19, 21303002, 'ENTOMOLOGIA E MALACOLOGIA DE PARASITOS E VETORES'),
(89, 22, 30101000, 'CONSTRUÇÃO CIVIL'),
(90, 22, 30102006, 'ESTRUTURAS'),
(91, 22, 30103002, 'GEOTÉCNICA'),
(92, 22, 30104009, 'ENGENHARIA HIDRÁULICA'),
(93, 22, 30105005, 'INFRA-ESTRUTURA DE TRANSPORTES'),
(94, 25, 30201004, 'PESQUISA MINERAL'),
(95, 25, 30202000, 'LAVRA'),
(96, 25, 30203007, 'TRATAMENTO DE MINÉRIOS'),
(97, 26, 30301009, 'INSTALAÇÕES E EQUIPAMENTOS METALÚRGICOS'),
(98, 26, 30302005, 'METALURGIA EXTRATIVA'),
(99, 26, 30303001, 'METALURGIA DE TRANSFORMAÇÃO'),
(100, 26, 30304008, 'METALURGIA FÍSICA'),
(101, 26, 30305004, 'MATERIAIS NÃO-METÁLICOS'),
(102, 33, 30401003, 'MATERIAIS ELÉTRICOS'),
(103, 33, 30402000, 'MEDIDAS ELÉTRICAS, MAGNÉTICAS E ELETRÔNICAS,INSTRUMENTAÇÃO'),
(104, 33, 30403006, 'CIRCUITOS ELÉTRICOS, MAGNÉTICOS E ELETRÔNICOS'),
(105, 33, 30404002, 'SISTEMAS ELÉTRICOS DE POTÊNCIA'),
(106, 33, 30405009, 'ELETRÔNICA INDUSTRIAL, SISTEMAS E CONTROLES ELETRÔNICOS'),
(107, 33, 30406005, 'TELECOMUNICAÇÕES'),
(108, 29, 30501008, 'FENÔMENOS DE TRANSPORTES'),
(109, 29, 30502004, 'ENGENHARIA TÉRMICA'),
(110, 29, 30503000, 'MECÂNICA DOS SÓLIDOS'),
(111, 29, 30504007, 'PROJETOS DE MÁQUINAS'),
(112, 29, 30505003, 'PROCESSOS DE FABRICAÇÃO'),
(113, 27, 30601002, 'PROCESSOS INDUSTRIAIS DE ENGENHARIA QUÍMICA'),
(114, 27, 30602009, 'OPERAÇÕES INDUSTRIAIS E EQUIPAMENTOS PARA ENG. QUÍMICA'),
(115, 27, 30603005, 'TECNOLOGIA QUÍMICA'),
(116, 23, 30701007, 'RECURSOS HÍDRICOS'),
(117, 23, 30702003, 'TRATAMENTO DE ÁGUAS DE ABASTECIMENTO E RESIDUÁRIAS'),
(118, 23, 30703000, 'SANEAMENTO BÁSICO'),
(119, 23, 30704006, 'SANEAMENTO AMBIENTAL'),
(120, 30, 30801001, 'GERÊNCIA DE PRODUÇÃO'),
(121, 30, 30802008, 'PESQUISA OPERACIONAL'),
(122, 30, 30803004, 'ENGENHARIA DO PRODUTO'),
(123, 30, 30804000, 'ENGENHARIA ECONÔMICA'),
(124, 28, 30901006, 'APLICAÇÕES DE RADIOISÓTOPOS'),
(125, 28, 30902002, 'FUSÃO CONTROLADA'),
(126, 28, 30903009, 'COMBUSTÍVEL NUCLEAR'),
(127, 28, 30904005, 'TECNOLOGIA DOS REATORES'),
(128, 24, 31001009, 'PLANEJAMENTO DE TRANSPORTES'),
(129, 24, 31002005, 'VEÍCULOS E EQUIPAMENTOS DE CONTROLE'),
(130, 24, 31003001, 'OPERAÇÕES DE TRANSPORTES'),
(131, 31, 31101003, 'HIDRODINÂMICA DE NAVIOS E SISTEMAS OCEÂNICOS\r\n'),
(132, 31, 31102000, 'ESTRUTURAS NAVAIS E OCEÂNICAS'),
(133, 31, 31103006, 'MÁQUINAS MARÍTIMAS'),
(134, 31, 31104002, 'PROJETOS DE NAVIOS E DE SISTEMAS OCEÂNICOS'),
(135, 31, 31105009, 'TECNOLOGIA DE CONSTRUÇÃO NAVAL E DE SISTEMAS OCEÂNICOS'),
(136, 32, 31201008, 'AERODINÂMICA'),
(137, 32, 31202004, 'DINÂMICA DE VOO'),
(138, 32, 31203000, 'ESTRUTURAS AEROESPACIAIS'),
(139, 32, 31204007, 'MATERIAIS E PROCESSOS P/ENGENHARIA AERONAUT. E AEROESPACIAL'),
(140, 32, 31205003, 'PROPULSÃO AEROESPACIAL'),
(141, 32, 31206000, 'SISTEMAS AEROESPACIAIS'),
(142, 34, 31301002, 'BIOENGENHARIA'),
(143, 34, 31302009, 'ENGENHARIA MÉDICA'),
(144, 35, 40101002, 'CLÍNICA MÉDICA'),
(145, 35, 40102009, 'CIRURGIA'),
(146, 35, 40103005, 'SAÚDE MATERNO-INFANTIL'),
(147, 35, 40104001, 'PSIQUIATRIA'),
(148, 35, 40105008, 'ANATOMIA PATOLÓGICA E PATOLOGIA CLÍNICA'),
(149, 35, 40106004, 'RADIOLOGIA MÉDICA'),
(150, 37, 40201007, 'CLÍNICA ODONTOLÓGICA'),
(151, 37, 40202003, 'CIRURGIA BUCO-MAXILA-FACIAL'),
(152, 37, 40203000, 'ORTODONTIA'),
(153, 37, 40204006, 'ODONTOPEDIATRIA'),
(154, 37, 40205002, 'PERIODONTIA'),
(155, 37, 40206009, 'ENDODONTIA'),
(156, 37, 40207005, 'RADIOLOGIA ODONTOLÓGICA'),
(157, 37, 40208001, 'ODONTOLOGIA SOCIAL E PREVENTIVA'),
(158, 37, 40209008, 'MATERIAIS ODONTOLÓGICOS'),
(159, 38, 40301001, 'FARMACOTECNIA'),
(160, 38, 40302008, 'FARMACOGNOSIA'),
(161, 38, 40303004, 'ANÁLISE TOXICOLÓGICA'),
(162, 38, 40304000, 'ANÁLISE E CONTROLE DE MEDICAMENTOS'),
(163, 38, 40305007, 'BROMATOLOGIA'),
(164, 39, 40401006, 'ENFERMAGEM MÉDICO-CIRÚRGICA'),
(165, 39, 40402002, 'ENFERMAGEM OBSTÉTRICA'),
(166, 39, 40403009, 'ENFERMAGEM PEDIÁTRICA'),
(167, 39, 40404005, 'ENFERMAGEM PSIQUIÁTRICA'),
(168, 39, 40405001, 'ENFERMAGEM DE DOENÇAS CONTAGIOSAS'),
(169, 39, 40406008, 'ENFERMAGEM DE SAÚDE PÚBLICA'),
(170, 40, 40601005, 'EPIDEMIOLOGIA'),
(171, 40, 40602001, 'SAÚDE PÚBLICA'),
(172, 40, 40603008, 'MEDICINA PREVENTIVA'),
(173, 44, 50101005, 'CIÊNCIA DO SOLO'),
(174, 44, 50102001, 'FITOSSANIDADE'),
(175, 44, 50103008, 'FITOTECNIA\r\n'),
(176, 44, 50104004, 'FLORICULTURA, PARQUES E JARDINS'),
(177, 44, 50105000, 'AGROMETEOROLOGIA'),
(178, 44, 50106007, 'EXTENSÃO RURAL'),
(179, 45, 50201000, 'SILVICULTURA'),
(180, 45, 50202006, 'MANEJO FLORESTAL'),
(181, 45, 50203002, 'TÉCNICAS E OPERAÇÕES FLORESTAIS'),
(182, 45, 50204009, 'TECNOLOGIA E UTILIZAÇÃO DE PRODUTOS FLORESTAIS'),
(183, 45, 50205005, 'CONSERVAÇÃO DA NATUREZA'),
(184, 45, 50206001, 'ENERGIA DE BIOMASSA FLORESTAL'),
(185, 46, 50301004, 'MÁQUINAS E IMPLEMENTOS AGRÍCOLAS'),
(186, 46, 50302000, 'ENGENHARIA DE ÁGUA E SOLO'),
(187, 46, 50303007, 'ENGENHARIA DE PROCESSAMENTO DE PRODUTOS AGRÍCOLAS'),
(188, 46, 50304003, 'CONSTRUÇÕES RURAIS E AMBIÊNCIA'),
(189, 46, 50305000, 'ENERGIZAÇÃO RURAL'),
(190, 47, 50401009, 'ECOLOGIA DOS ANIMAIS DOMÉSTICOS E ETOLOGIA'),
(191, 47, 50402005, 'GENÉTICA E MELHORAMENTO DOS ANIMAIS DOMÉSTICOS'),
(192, 47, 50403001, 'NUTRIÇÃO E ALIMENTAÇÃO ANIMAL'),
(193, 47, 50404008, 'PASTAGEM E FRAGARICULTURA'),
(194, 47, 50405004, 'PRODUÇÃO ANIMAL'),
(195, 49, 50501003, 'CLÍNICA E CIRURGIA ANIMAL'),
(196, 49, 50502000, 'MEDICINA VETERINÁRIA PREVENTIVA'),
(197, 49, 50503006, 'PATOLOGIA ANIMAL'),
(198, 49, 50504002, 'REPRODUÇÃO ANIMAL'),
(199, 49, 50505009, 'INSPEÇÃO DE PRODUTOS DE ORIGEM ANIMAL'),
(200, 48, 50601008, 'RECURSOS PESQUEIROS MARINHOS'),
(201, 48, 50602004, 'RECURSOS PESQUEIROS DE ÁGUAS INTERIORES'),
(202, 48, 50603000, 'AQUICULTURA'),
(203, 48, 50604007, 'ENGENHARIA DE PESCA'),
(204, 50, 50701002, 'CIÊNCIA DE ALIMENTOS'),
(205, 50, 50702009, 'TECNOLOGIA DE ALIMENTOS'),
(206, 50, 50703005, 'ENGENHARIA DE ALIMENTOS'),
(207, 51, 60101008, 'TEORIA DO DIREITO'),
(208, 51, 60102004, 'DIREITO PÚBLICO'),
(209, 51, 60103000, 'DIREITO PRIVADO'),
(210, 51, 60104007, 'DIREITOS ESPECIAIS'),
(211, 52, 60201002, 'ADMINISTRAÇÃO DE EMPRESAS'),
(212, 52, 60202009, 'ADMINISTRAÇÃO PÚBLICA'),
(213, 52, 60203005, 'ADMINISTRAÇÃO DE SETORES ESPECÍFICOS'),
(214, 52, 60204001, 'CIÊNCIAS CONTÁBEIS'),
(215, 54, 60301007, 'TEORIA ECONÔMICA'),
(216, 54, 60302003, 'MÉTODOS QUANTITATIVOS EM ECONOMIA'),
(217, 54, 60303000, 'ECONOMIA MONETÁRIA E FISCAL'),
(218, 54, 60304006, 'CRESCIMENTO, FLUTUAÇÕES E PLANEJAMENTO ECONÔMICO'),
(219, 54, 60305002, 'ECONOMIA INTERNACIONAL'),
(220, 54, 60306009, 'ECONOMIA DOS RECURSOS HUMANOS'),
(221, 54, 60307005, 'ECONOMIA INDUSTRIAL'),
(222, 54, 60308001, 'ECONOMIA DO BEM-ESTAR SOCIAL'),
(223, 54, 60309008, 'ECONOMIA REGIONAL E URBANA'),
(224, 54, 60310006, 'ECONOMIAS AGRÁRIA E DOS RECURSOS NATURAIS'),
(225, 55, 60401001, 'FUNDAMENTOS DE ARQUITETURA E URBANISMO'),
(226, 55, 60402008, 'PROJETO DE ARQUITETURA E URBANISMO'),
(227, 55, 60403004, 'TECNOLOGIA DE ARQUITETURA E URBANISMO'),
(228, 55, 60404000, 'PAISAGISMO'),
(229, 56, 60501006, 'FUNDAMENTOS DO PLANEJAMENTO URBANO E REGIONAL'),
(230, 56, 60502002, 'MÉTODOS E TÉCNICAS DO PLANEJAMENTO URBANO E REGIONAL'),
(231, 56, 60503009, 'SERVIÇOS URBANOS E REGIONAIS'),
(232, 57, 60601000, 'DISTRIBUIÇÃO ESPACIAL'),
(233, 57, 60602007, 'TENDÊNCIA POPULACIONAL'),
(234, 57, 60603003, 'COMPONENTES DA DINÂMICA DEMOGRÁFICA'),
(235, 57, 60604000, 'NUPCIALIDADE E FAMÍLIA'),
(236, 57, 60605006, 'DEMOGRAFIA HISTÓRICA'),
(237, 57, 60606002, 'POLÍTICA PÚBLICA E POPULAÇÃO'),
(238, 57, 60607009, 'FONTES DE DADOS DEMOGRÁFICOS'),
(239, 58, 60701005, 'TEORIA DA INFORMAÇÃO'),
(240, 58, 60702001, 'BIBLIOTECONOMIA'),
(241, 58, 60703008, 'ARQUIVOLOGIA'),
(242, 60, 60901004, 'TEORIA DA COMUNICAÇÃO'),
(243, 60, 60902000, 'JORNALISMO E EDITORAÇÃO'),
(244, 60, 60903007, 'RÁDIO E TELEVISÃO'),
(245, 60, 60904003, 'RELAÇÕES PÚBLICAS E PROPAGANDA'),
(246, 60, 60905000, 'COMUNICAÇÃO VISUAL'),
(247, 61, 61001007, 'FUNDAMENTOS DO SERVIÇO SOCIAL'),
(248, 61, 61002003, 'SERVIÇO SOCIAL APLICADO'),
(249, 63, 70101000, 'HISTÓRIA DA FILOSOFIA'),
(250, 63, 70102007, 'METAFÍSICA'),
(251, 63, 70103003, 'LÓGICA'),
(252, 63, 70104000, 'ÉTICA'),
(253, 63, 70105006, 'EPISTEMOLOGIA'),
(254, 63, 70106002, 'FILOSOFIA BRASILEIRA'),
(255, 64, 70201005, 'FUNDAMENTOS DA SOCIOLOGIA'),
(256, 64, 70202001, 'SOCIOLOGIA DO CONHECIMENTO'),
(257, 64, 70203008, 'SOCIOLOGIA DO DESENVOLVIMENTO\r\n'),
(258, 64, 70204004, 'SOCIOLOGIA URBANA\r\n'),
(259, 64, 70205000, 'SOCIOLOGIA RURAL\r\n'),
(260, 64, 70206007, 'SOCIOLOGIA DA SAÚDE\r\n'),
(261, 64, 70207003, 'OUTRAS SOCIOLOGIAS ESPECÍFICAS\r\n'),
(262, 65, 70301000, 'TEORIA ANTROPOLÓGICA'),
(263, 65, 70302006, 'ETNOLOGIA INDÍGENA'),
(264, 65, 70303002, 'ANTROPOLOGIA URBANA'),
(265, 65, 70304009, 'ANTROPOLOGIA RURAL'),
(266, 65, 70305005, 'ANTROPOLOGIA DAS POPULAÇÕES AFRO-BRASILEIRAS'),
(267, 66, 70401004, 'TEORIA E MÉTODO EM ARQUEOLOGIA'),
(268, 66, 70402000, 'ARQUEOLOGIA PRÉ-HISTÓRICA'),
(269, 66, 70403007, 'ARQUEOLOGIA HISTÓRICA'),
(270, 67, 70501009, 'TEORIA E FILOSOFIA DA HISTÓRIA'),
(271, 67, 70502005, 'HISTÓRIA ANTIGA E MEDIEVAL'),
(272, 67, 70503001, 'HISTÓRIA MODERNA E CONTEMPORÂNEA'),
(273, 67, 70504008, 'HISTÓRIA DA AMÉRICA'),
(274, 67, 70505004, 'HISTÓRIA DO BRASIL'),
(275, 67, 70506000, 'HISTÓRIA DAS CIÊNCIAS'),
(276, 68, 70601003, 'GEOGRAFIA HUMANA'),
(277, 68, 70602000, 'GEOGRAFIA REGIONAL'),
(278, 69, 70701008, 'FUNDAMENTOS E MEDIDAS DA PSICOLOGIA'),
(279, 69, 70702004, 'PSICOLOGIA EXPERIMENTAL'),
(280, 69, 70703000, 'PSICOLOGIA FISIOLÓGICA'),
(281, 69, 70704007, 'PSICOLOGIA COMPARATIVA'),
(282, 69, 70705003, 'PSICOLOGIA SOCIAL'),
(283, 69, 70706000, 'PSICOLOGIA COGNITIVA'),
(284, 69, 70707006, 'PSICOLOGIA DO DESENVOLVIMENTO HUMANO'),
(285, 69, 70708002, 'PSICOLOGIA DO ENSINO E DA APRENDIZAGEM'),
(286, 69, 70709009, 'PSICOLOGIA DO TRABALHO E ORGANIZACIONAL'),
(287, 69, 70710007, 'TRATAMENTO E PREVENÇÃO PSICOLÓGICA'),
(288, 70, 70801002, 'FUNDAMENTOS DA EDUCAÇÃO'),
(289, 70, 70802009, 'ADMINISTRAÇÃO EDUCACIONAL'),
(290, 70, 70803005, 'PLANEJAMENTO E AVALIAÇÃO EDUCACIONAL'),
(291, 70, 70804001, 'ENSINO-APRENDIZAGEM'),
(292, 70, 70805008, 'CURRÍCULO'),
(293, 70, 70806004, 'ORIENTAÇÃO E ACONSELHAMENTO'),
(294, 70, 70807000, 'TÓPICOS ESPECÍFICOS DE EDUCAÇÃO'),
(295, 71, 70901007, 'TEORIA POLÍTICA'),
(296, 71, 70902003, 'ESTADO E GOVERNO'),
(297, 71, 70903000, 'COMPORTAMENTO POLÍTICO'),
(298, 71, 70904006, 'POLÍTICAS PÚBLICAS'),
(299, 71, 70905002, 'POLÍTICA INTERNACIONAL'),
(300, 72, 71001000, 'HISTÓRIA DA TEOLOGIA'),
(301, 72, 71002006, 'TEOLOGIA MORAL\r\n'),
(302, 72, 71003002, 'TEOLOGIA SISTEMÁTICA'),
(303, 72, 71004009, 'TEOLOGIA PASTORAL'),
(304, 73, 80101003, 'TEORIA E ANÁLISE LINGUÍSTICA'),
(305, 73, 80102000, 'FISIOLOGIA DA LINGUAGEM'),
(306, 73, 80103006, 'LINGÜÍSTICA HISTÓRICA'),
(307, 73, 80104002, 'SOCIOLINGUÍSTICA E DIALETOLOGIA'),
(308, 73, 80105009, 'PSICOLINGUÍSTICA'),
(309, 73, 80106005, 'LINGUÍSTICA APLICADA'),
(310, 74, 80201008, 'LÍNGUA PORTUGUESA'),
(311, 74, 80202004, 'LÍNGUAS ESTRANGEIRAS MODERNAS'),
(312, 74, 80203000, 'LÍNGUAS CLÁSSICAS'),
(313, 74, 80204007, 'LÍNGUAS INDÍGENAS'),
(314, 74, 80205003, 'TEORIA LITERÁRIA'),
(315, 74, 80206000, 'LITERATURA BRASILEIRA'),
(316, 74, 80207006, 'OUTRAS LITERATURAS VERNÁCULAS'),
(317, 74, 80208002, 'LITERATURAS ESTRANGEIRAS MODERNAS'),
(318, 74, 80209009, 'LITERATURAS CLÁSSICAS'),
(319, 74, 80210007, 'LITERATURA COMPARADA'),
(320, 75, 80301002, 'FUNDAMENTOS E CRÍTICA DAS ARTES'),
(321, 75, 80302009, 'ARTES PLÁSTICAS'),
(322, 75, 80303005, 'MÚSICA'),
(323, 75, 80304001, 'DANÇA'),
(324, 75, 80305008, 'TEATRO'),
(325, 75, 80306004, 'ÓPERA'),
(326, 75, 80307000, 'FOTOGRAFIA'),
(327, 75, 80308007, 'CINEMA'),
(328, 75, 80309003, 'ARTES DO VÍDEO'),
(329, 75, 80310001, 'EDUCAÇÃO ARTÍSTICA'),
(330, 36, 40504000, 'DESNUTRIÇÃO E DESENVOLVIMENTO FISIOLÓGICO'),
(331, 36, 40503003, 'ANÁLISE NUTRICIONAL DE POPULAÇÃO'),
(332, 36, 40502007, 'DIETÉTICA'),
(333, 36, 40501000, 'BIOQUÍMICA DA NUTRIÇÃO');

-- --------------------------------------------------------

--
-- Estrutura da tabela `tb_grandesareas`
--

DROP TABLE IF EXISTS `tb_grandesareas`;
CREATE TABLE IF NOT EXISTS `tb_grandesareas` (
  `id` int(11) NOT NULL AUTO_INCREMENT,
  `codigo` int(8) NOT NULL,
  `nome` varchar(255) COLLATE utf8_swedish_ci NOT NULL,
  PRIMARY KEY (`id`)
) ENGINE=MyISAM AUTO_INCREMENT=10 DEFAULT CHARSET=utf8 COLLATE=utf8_swedish_ci;

--
-- Extraindo dados da tabela `tb_grandesareas`
--

INSERT INTO `tb_grandesareas` (`id`, `codigo`, `nome`) VALUES
(1, 10000003, 'CIÊNCIAS EXATAS E DA TERRA'),
(2, 20000006, 'CIÊNCIAS BIOLÓGICAS'),
(3, 30000009, 'ENGENHARIAS'),
(4, 40000001, 'CIÊNCIAS DA SAÚDE'),
(5, 50000004, 'CIÊNCIAS AGRÁRIAS'),
(6, 60000007, 'CIÊNCIAS SOCIAIS APLICADAS'),
(7, 70000000, 'CIÊNCIAS HUMANAS'),
(8, 80000002, 'LINGUÍSTICA, LETRAS E ARTES'),
(9, 90000005, 'MULTIDISCIPLINAR');

-- --------------------------------------------------------

--
-- Estrutura da tabela `tb_grupospesquisa`
--

DROP TABLE IF EXISTS `tb_grupospesquisa`;
CREATE TABLE IF NOT EXISTS `tb_grupospesquisa` (
  `nome` varchar(50) CHARACTER SET utf8 COLLATE utf8_swedish_ci NOT NULL,
  `sigla` varchar(10) CHARACTER SET utf8 COLLATE utf8_swedish_ci NOT NULL,
  `lider` varchar(20) CHARACTER SET utf8 COLLATE utf8_swedish_ci NOT NULL,
  `situacao` int(1) NOT NULL,
  `email` varchar(50) CHARACTER SET utf8 COLLATE utf8_swedish_ci DEFAULT NULL,
  `link` text CHARACTER SET utf8 COLLATE utf8_swedish_ci,
  `descricao` text CHARACTER SET utf8 COLLATE utf8_swedish_ci,
  `logotipo` text CHARACTER SET utf8 COLLATE utf8_swedish_ci,
  `data_inicio` text,
  PRIMARY KEY (`sigla`),
  KEY `lider` (`lider`)
) ENGINE=MyISAM DEFAULT CHARSET=latin1;

--
-- Extraindo dados da tabela `tb_grupospesquisa`
--


-- --------------------------------------------------------

--
-- Estrutura da tabela `tb_liderancas`
--

DROP TABLE IF EXISTS `tb_liderancas`;
CREATE TABLE IF NOT EXISTS `tb_liderancas` (
  `lider_antigo` varchar(20) CHARACTER SET utf8 COLLATE utf8_swedish_ci NOT NULL,
  `lider_novo` varchar(20) CHARACTER SET utf8 COLLATE utf8_swedish_ci NOT NULL,
  `data_inicio` timestamp NOT NULL,
  `grupo` varchar(10) CHARACTER SET utf8 COLLATE utf8_swedish_ci NOT NULL,
  KEY `grupo` (`grupo`)
) ENGINE=MyISAM DEFAULT CHARSET=latin1;

-- --------------------------------------------------------

--
-- Estrutura da tabela `tb_lideres`
--

DROP TABLE IF EXISTS `tb_lideres`;
CREATE TABLE IF NOT EXISTS `tb_lideres` (
  `lider` varchar(20) CHARACTER SET utf8 COLLATE utf8_swedish_ci NOT NULL,
  `link` text CHARACTER SET utf8 COLLATE utf8_swedish_ci,
  `nome` varchar(50) CHARACTER SET utf8 COLLATE utf8_swedish_ci DEFAULT NULL,
  `foto` text CHARACTER SET utf8 COLLATE utf8_swedish_ci,
  KEY `lider` (`lider`)
) ENGINE=MyISAM DEFAULT CHARSET=latin1;

--
-- Extraindo dados da tabela `tb_lideres`
--



-- --------------------------------------------------------

--
-- Estrutura da tabela `tb_linhasdocentes`
--

DROP TABLE IF EXISTS `tb_linhasdocentes`;
CREATE TABLE IF NOT EXISTS `tb_linhasdocentes` (
  `id` int(11) NOT NULL AUTO_INCREMENT,
  `inicio_vinculo` date NOT NULL,
  `fim_vinculo` date DEFAULT NULL,
  `docente` int(11) NOT NULL,
  `linha_pesquisa` int(11) NOT NULL,
  PRIMARY KEY (`id`),
  KEY `docente` (`docente`),
  KEY `linha_pesquisa` (`linha_pesquisa`)
) ENGINE=MyISAM AUTO_INCREMENT=9 DEFAULT CHARSET=utf8 COLLATE=utf8_swedish_ci;

--
-- Extraindo dados da tabela `tb_linhasdocentes`
--



-- --------------------------------------------------------

--
-- Estrutura da tabela `tb_linhasgrupos`
--

DROP TABLE IF EXISTS `tb_linhasgrupos`;
CREATE TABLE IF NOT EXISTS `tb_linhasgrupos` (
  `id` int(11) NOT NULL AUTO_INCREMENT,
  `grupo` varchar(10) COLLATE utf8_swedish_ci NOT NULL,
  `inicio_vinculo` date NOT NULL,
  `fim_vinculo` date DEFAULT NULL,
  `codigo_capes` int(8) NOT NULL,
  `descricao` text COLLATE utf8_swedish_ci NOT NULL,
  `data_cad` date DEFAULT NULL,
  PRIMARY KEY (`id`),
  KEY `grupo` (`grupo`) USING BTREE,
  KEY `codigo_capes` (`codigo_capes`)
) ENGINE=MyISAM AUTO_INCREMENT=12 DEFAULT CHARSET=utf8 COLLATE=utf8_swedish_ci;

--
-- Extraindo dados da tabela `tb_linhasgrupos`
--



-- --------------------------------------------------------

--
-- Estrutura da tabela `tb_participantes`
--

DROP TABLE IF EXISTS `tb_participantes`;
CREATE TABLE IF NOT EXISTS `tb_participantes` (
  `id` int(11) NOT NULL AUTO_INCREMENT,
  `nome` varchar(50) COLLATE utf8_swedish_ci NOT NULL,
  `link` text COLLATE utf8_swedish_ci NOT NULL,
  `formacao_acad` varchar(50) COLLATE utf8_swedish_ci NOT NULL,
  `nome_curso` text COLLATE utf8_swedish_ci NOT NULL,
  `grupo` varchar(10) COLLATE utf8_swedish_ci DEFAULT NULL,
  `data_sistema` date DEFAULT NULL,
  `data_inclusao` date DEFAULT NULL,
  `data_exclusao` date DEFAULT NULL,
  `foto` text COLLATE utf8_swedish_ci,
  `tipo` tinyint(1) DEFAULT NULL,
  PRIMARY KEY (`id`),
  KEY `grupo` (`grupo`)
) ENGINE=MyISAM AUTO_INCREMENT=41 DEFAULT CHARSET=utf8 COLLATE=utf8_swedish_ci;

-- --------------------------------------------------------

--
-- Estrutura da tabela `tb_permissoes`
--

DROP TABLE IF EXISTS `tb_permissoes`;
CREATE TABLE IF NOT EXISTS `tb_permissoes` (
  `id` tinyint(1) NOT NULL,
  `cdusuarios` tinyint(1) NOT NULL,
  `cdgrupo` tinyint(1) NOT NULL,
  `cdlinha` tinyint(1) NOT NULL,
  `cdtecnico` tinyint(1) NOT NULL,
  `cddocente` tinyint(1) NOT NULL,
  `edgrupo` tinyint(1) NOT NULL,
  `permissoes` tinyint(1) NOT NULL,
  PRIMARY KEY (`id`)
) ENGINE=MyISAM DEFAULT CHARSET=latin1;

--
-- Extraindo dados da tabela `tb_permissoes`
--

INSERT INTO `tb_permissoes` (`id`, `cdusuarios`, `cdgrupo`, `cdlinha`, `cdtecnico`, `cddocente`, `edgrupo`, `permissoes`) VALUES
(0, 1, 1, 1, 0, 0, 1, 1),
(1, 0, 0, 0, 1, 1, 1, 0);

-- --------------------------------------------------------

--
-- Estrutura da tabela `tb_subareas`
--

DROP TABLE IF EXISTS `tb_subareas`;
CREATE TABLE IF NOT EXISTS `tb_subareas` (
  `id` int(11) NOT NULL AUTO_INCREMENT,
  `id_grandearea` int(11) NOT NULL,
  `codigo` int(8) NOT NULL,
  `nome` varchar(255) COLLATE utf8_swedish_ci NOT NULL,
  PRIMARY KEY (`id`),
  KEY `id_grandearea` (`id_grandearea`)
) ENGINE=MyISAM AUTO_INCREMENT=82 DEFAULT CHARSET=utf8 COLLATE=utf8_swedish_ci;

--
-- Extraindo dados da tabela `tb_subareas`
--

INSERT INTO `tb_subareas` (`id`, `id_grandearea`, `codigo`, `nome`) VALUES
(1, 1, 10100008, 'MATEMÁTICA'),
(2, 1, 10200002, 'PROBABILIDADE E ESTATÍSTICA'),
(3, 1, 10300007, 'CIÊNCIA DA COMPUTAÇÃO'),
(4, 1, 10400001, 'ASTRONOMIA'),
(5, 1, 10500006, 'FÍSICA'),
(6, 1, 10600000, 'QUÍMICA'),
(7, 1, 10700005, 'GEOCIÊNCIAS'),
(8, 1, 10800000, 'OCEANOGRAFIA'),
(9, 1, 60000007, 'CIÊNCIAS SOCIAIS APLICADAS'),
(10, 2, 20100000, 'BIOLOGIA GERAL'),
(11, 2, 20200005, 'GENÉTICA'),
(12, 2, 20600003, 'MORFOLOGIA'),
(13, 2, 20700008, 'FISIOLOGIA'),
(14, 2, 20800002, 'BIOQUÍMICA'),
(15, 2, 20900007, 'BIOFÍSICA'),
(16, 2, 21000000, 'FARMACOLOGIA'),
(17, 2, 21100004, 'IMUNOLOGIA'),
(18, 2, 21200009, 'MICROBIOLOGIA'),
(19, 2, 21300003, 'PARASITOLOGIA'),
(20, 2, 20300000, 'BOTÂNICA'),
(21, 2, 20400004, 'ZOOLOGIA'),
(22, 3, 30100003, 'ENGENHARIA CIVIL'),
(23, 3, 30700000, 'ENGENHARIA SANITÁRIA'),
(24, 3, 31000002, 'ENGENHARIA DE TRANSPORTES'),
(25, 3, 30200008, 'ENGENHARIA DE MINAS'),
(26, 3, 30300002, 'ENGENHARIA DE MATERIAIS E METALÚRGICA'),
(27, 3, 30600006, 'ENGENHARIA QUÍMICA'),
(28, 3, 30900000, 'ENGENHARIA NUCLEAR'),
(29, 3, 30500001, 'ENGENHARIA MECÂNICA'),
(30, 3, 30800005, 'ENGENHARIA DE PRODUÇÃO'),
(31, 3, 31100007, 'ENGENHARIA NAVAL E OCEÂNICA'),
(32, 3, 31200001, 'ENGENHARIA AEROESPACIAL'),
(33, 3, 30400007, 'ENGENHARIA ELÉTRICA'),
(34, 3, 31300006, 'ENGENHARIA BIOMÉDICA'),
(35, 4, 40100006, 'MEDICINA'),
(36, 4, 40500004, 'NUTRIÇÃO'),
(37, 4, 40200000, 'ODONTOLOGIA'),
(38, 4, 40300005, 'FARMÁCIA'),
(39, 4, 40400000, 'ENFERMAGEM'),
(40, 4, 40600009, 'SAÚDE COLETIVA'),
(41, 4, 40900002, 'EDUCAÇÃO FÍSICA'),
(42, 4, 40700003, 'FONOAUDIOLOGIA'),
(43, 4, 40800008, 'FISIOTERAPIA E TERAPIA OCUPACIONAL'),
(44, 5, 50100009, 'AGRONOMIA'),
(45, 5, 50200003, 'RECURSOS FLORESTAIS E ENGENHARIA FLORESTAL'),
(46, 5, 50300008, 'ENGENHARIA AGRÍCOLA'),
(47, 5, 50400002, 'ZOOTECNIA'),
(48, 5, 50600001, 'RECURSOS PESQUEIROS E ENGENHARIA DE PESCA'),
(49, 5, 50500007, 'MEDICINA VETERINÁRIA'),
(50, 5, 50700006, 'CIÊNCIA E TECNOLOGIA DE ALIMENTOS'),
(51, 6, 60100001, 'DIREITO'),
(52, 6, 60200006, 'ADMINISTRAÇÃO'),
(53, 6, 61300004, 'TURISMO'),
(54, 6, 60300000, 'ECONOMIA'),
(55, 6, 60400005, 'ARQUITETURA E URBANISMO'),
(56, 6, 60500000, 'PLANEJAMENTO URBANO E REGIONAL'),
(57, 6, 60600004, 'DEMOGRAFIA'),
(58, 6, 60700009, 'CIÊNCIA DA INFORMAÇÃO'),
(59, 6, 60800003, 'MUSEOLOGIA'),
(60, 6, 60900008, 'COMUNICAÇÃO'),
(61, 6, 61000000, 'SERVIÇO SOCIAL'),
(62, 6, 61100005, 'ECONOMIA DOMÉSTICA'),
(63, 7, 70100004, 'FILOSOFIA'),
(64, 7, 70200009, 'SOCIOLOGIA'),
(65, 7, 70300003, 'ANTROPOLOGIA'),
(66, 7, 70400008, 'ARQUEOLOGIA'),
(67, 7, 70500002, 'HISTÓRIA'),
(68, 7, 70600007, 'GEOGRAFIA'),
(69, 7, 70700001, 'PSICOLOGIA'),
(70, 7, 70800006, 'EDUCAÇÃO'),
(71, 7, 70900000, 'CIÊNCIA POLÍTICA'),
(72, 7, 71000003, 'TEOLOGIA'),
(73, 8, 80100007, 'LINGUÍSTICA'),
(74, 8, 80200001, 'LETRAS'),
(75, 8, 80300006, 'ARTES'),
(76, 9, 90100000, 'INTERDISCIPLINAR'),
(77, 9, 90200000, 'ENSINO'),
(78, 9, 90300009, 'MATERIAIS'),
(79, 9, 90400003, 'BIOTECNOLOGIA'),
(80, 9, 90500008, 'CIÊNCIAS AMBIENTAIS');

-- --------------------------------------------------------

--
-- Estrutura da tabela `tb_subespecialidades`
--

DROP TABLE IF EXISTS `tb_subespecialidades`;
CREATE TABLE IF NOT EXISTS `tb_subespecialidades` (
  `id` int(11) NOT NULL,
  `id_especialidade` int(11) NOT NULL,
  `codigo` int(20) NOT NULL,
  `nome` text COLLATE utf8_swedish_ci NOT NULL,
  PRIMARY KEY (`codigo`),
  KEY `id_especialidade` (`id_especialidade`)
) ENGINE=MyISAM DEFAULT CHARSET=utf8 COLLATE=utf8_swedish_ci;

--
-- Extraindo dados da tabela `tb_subespecialidades`
--

INSERT INTO `tb_subespecialidades` (`id`, `id_especialidade`, `codigo`, `nome`) VALUES
(870, 204, 50701010, 'VALOR NUTRITIVO DE ALIMENTOS'),
(866, 198, 50504037, 'FISIOPATOLOGIA DA REPRODUÇÃO ANIMAL'),
(865, 198, 50504029, 'INSEMINAÇÃO ARTIFICIAL ANIMAL'),
(864, 198, 50504010, 'GINECOLOGIA E ANDROLOGIA ANIMAL'),
(862, 197, 50503030, 'PATOLOGIA CLÍNICA ANIMAL'),
(861, 197, 50503022, 'ANATOMIA PATOLÓGICA ANIMAL'),
(860, 197, 50503014, 'PATOLOGIA AVIÁRIA'),
(858, 196, 50502050, 'SAÚDE ANIMAL (PROGRAMAS SANITÁRIOS)'),
(857, 196, 50502042, 'DOENÇAS PARASITÁRIAS DE ANIMAIS'),
(856, 196, 50502034, 'DOENÇAS INFECCIOSAS DE ANIMAIS'),
(855, 196, 50502026, 'SANEAMENTO APLICADO À SAÚDE DO HOMEM'),
(854, 196, 50502018, 'EPIDEMIOLOGIA ANIMAL'),
(852, 195, 50501089, 'TOXICOLOGIA ANIMAL'),
(851, 195, 50501070, 'CLÍNICA CIRÚRGICA ANIMAL'),
(850, 195, 50501062, 'CLÍNICA VETERINÁRIA'),
(849, 195, 50501054, 'OBSTETRÍCIA ANIMAL'),
(848, 195, 50501046, 'FARMACOLOGIA E TERAPÉUTICA ANIMAL'),
(847, 195, 50501038, 'RADIOLOGIA DE ANIMAIS'),
(846, 195, 50501020, 'TÉCNICA CIRÚRGICA ANIMAL'),
(845, 195, 50501011, 'ANESTESIOLOGIA ANIMAL'),
(841, 202, 50603043, 'PISCICULTURA'),
(840, 202, 50603035, 'OSTREICULTURA'),
(839, 202, 50603027, 'CARCINOCULTURA'),
(838, 202, 50603019, 'MARICULTURA'),
(836, 201, 50602047, 'MANEJO E CONSERV. DE RECURSOS PESQUEIROS DE ÁGUAS INFERIORES'),
(835, 201, 50602039, 'EXPLORAÇÃO PESQUEIRA DE ÁGUAS INTERIORES'),
(834, 201, 50602020, 'AVALIAÇÃO DE ESTOQUES PESQUEIROS DE ÁGUAS INTERIORES'),
(833, 201, 50602012, 'FATORES ABIÓTICOS DE ÁGUAS INTERIORES'),
(831, 200, 50601040, 'MANEJO E CONSERVAÇÃO DE RECURSOS PESQUEIROS MARINHOS'),
(830, 200, 50601032, 'EXPLORAÇÃO PESQUEIRA MARINHA'),
(829, 200, 50601024, 'AVALIAÇÃO DE ESTOQUE PESQUEIROS MARINHOS'),
(828, 200, 50601016, 'FATORES ABIÓTICOS DO MAR'),
(825, 194, 50405039, 'INSTALAÇÕES PARA PRODUÇÃO ANIMAL'),
(824, 194, 50405020, 'MANEJO DE ANIMAIS'),
(823, 194, 50405012, 'CRIAÇÃO DE ANIMAIS'),
(821, 193, 50404059, 'TOXICOLOGIA E PLANTAS TÓXICAS'),
(820, 193, 50404040, 'MELHORAMENTO DE PLANTAS FORRAGEIRAS E PRODUÇÃO DE SEMENTES'),
(819, 193, 50404032, 'FISIOLOGIA DE PLANTAS FORRAGEIRAS'),
(818, 193, 50404024, 'MANEJO E CONSERVAÇÃO DE PASTAGENS'),
(817, 193, 50404016, 'AVALIAÇÃO, PRODUÇÃO E CONSERVAÇÃO DE FORRAGENS'),
(815, 192, 50403036, 'CONSERVAÇÃO DE ALIMENTOS PARA ANIMAIS'),
(814, 192, 50403028, 'AVALIAÇÃO DE ALIMENTOS PARA ANIMAIS'),
(813, 192, 50403010, 'EXIGÊNCIAS NUTRICIONAIS DOS ANIMAIS'),
(807, 188, 50304038, 'SANEAMENTO RURAL'),
(806, 188, 50304020, 'ENGENHARIA DE CONSTRUÇÕES RURAIS'),
(805, 188, 50304011, 'ASSENTAMENTO RURAL'),
(803, 187, 50303031, 'TRANSFERÊNCIA DE PRODUTOS AGRÍCOLAS'),
(802, 187, 50303023, 'ARMAZENAMENTO DE PRODUTOS AGRÍCOLAS'),
(801, 187, 50303015, 'PRÉ-PROCESSAMENTO DE PRODUTOS AGRÍCOLAS'),
(799, 186, 50302027, 'CONSERVAÇÃO DE SOLO E ÁGUA'),
(798, 186, 50302019, 'IRRIGAÇÃO E DRENAGEM'),
(793, 183, 50205048, 'RECUPERAÇÃO DE ÁREAS DEGRADADAS'),
(792, 183, 50205030, 'CONSERVAÇÃO DAS BACIAS HIDROGRÁFICAS'),
(791, 183, 50205021, 'CONSERVAÇÃO DE ÁREAS SILVESTRES'),
(790, 183, 50205013, 'HIDROLOGIA FLORESTAL'),
(788, 182, 50204092, 'TECNOLOGIA DE CHAPAS'),
(787, 182, 50204084, 'TECNOLOGIA DE CELULOSE E PAPEL'),
(786, 182, 50204076, 'RESINAS DE MADEIRAS'),
(785, 182, 50204068, 'QUÍMICA DA MADEIRA'),
(784, 182, 50204050, 'PROCESSAMENTO MECÂNICO DA MADEIRA'),
(783, 182, 50204041, 'TRATAMENTO DA MADEIRA'),
(782, 182, 50204033, 'RELAÇÕES ÁGUA-MADEIRA E SECAGEM'),
(781, 182, 50204025, 'PROPRIEDADES FISICO-MECÂNICAS DA MADEIRA'),
(780, 182, 50204017, 'ANATOMIA E IDENTIFICAÇÃO DE PRODUTOS FLORESTAIS'),
(778, 181, 50203029, 'MECANIZAÇÃO FLORESTAL'),
(777, 181, 50203010, 'EXPLORAÇÃO FLORESTAL'),
(775, 180, 50202065, 'ORDENAMENTO FLORESTAL'),
(774, 180, 50202057, 'FOTOINTERPRETAÇÃO FLORESTAL'),
(773, 180, 50202049, 'DENDROMETRIA E INVENTÁRIO FLORESTAL'),
(772, 180, 50202030, 'ADMINISTRAÇÃO FLORESTAL'),
(771, 180, 50202022, 'POLÍTICA E LEGISLAÇÃO FLORESTAL'),
(770, 180, 50202014, 'ECONOMIA FLORESTAL'),
(768, 179, 50201085, 'PROTEÇÃO FLORESTAL'),
(767, 179, 50201077, 'SOLOS FLORESTAIS'),
(766, 179, 50201069, 'FISIOLOGIA FLORESTAL'),
(765, 179, 50201050, 'NUTRIÇÃO FLORESTAL'),
(764, 179, 50201042, 'SEMENTES FLORESTAIS'),
(763, 179, 50201034, 'GENÉTICA E MELHORAMENTO FLORESTAL'),
(762, 179, 50201026, 'FLORESTAMENTO E REFLORESTAMENTO'),
(761, 179, 50201018, 'DENDROLOGIA'),
(756, 176, 50104039, 'ARBORIZAÇÃO DE VIAS PÚBLICAS'),
(755, 176, 50104020, 'PARQUES E JARDINS'),
(754, 176, 50104012, 'FLORICULTURA'),
(752, 175, 50103075, 'MATOLOGIA'),
(751, 175, 50103067, 'FISIOLOGIA DE PLANTAS CULTIVADAS'),
(750, 175, 50103059, 'MELHORAMENTO VEGETAL'),
(749, 175, 50103040, 'PRODUÇÃO DE MUDAS'),
(748, 175, 50103032, 'PRODUÇÃO E BENEFICIAMENTO DE SEMENTES'),
(747, 175, 50103024, 'MECANIZAÇÃO AGRÍCOLA'),
(746, 175, 50103016, 'MANEJO E TRATOS CULTURAIS'),
(744, 174, 50102052, 'DEFESA FITOSSANITÁRIA'),
(743, 174, 50102044, 'MICROBIOLOGIA AGRÍCOLA'),
(742, 174, 50102036, 'PARASITOLOGIA AGRÍCOLA'),
(741, 174, 50102028, 'ENTOMOLOGIA AGRÍCOLA'),
(740, 174, 50102010, 'FITOPATOLOGIA'),
(738, 173, 50101064, 'MANEJO E CONSERVAÇÃO DO SOLO'),
(737, 173, 50101056, 'FERTILIDADE DO SOLO E ADUBAÇÃO'),
(736, 173, 50101048, 'MICROBIOLOGIA E BIOQUÍMICA DO SOLO'),
(735, 173, 50101030, 'QUÍMICA DO SOLO'),
(734, 173, 50101021, 'FÍSICA DO SOLO'),
(733, 173, 50101013, 'GÊNESE, MORFOLOGIA E CLASSIFICAÇÃO DOS SOLOS'),
(694, 145, 40102149, 'CIRURGIA EXPERIMENTAL'),
(693, 145, 40102130, 'ANESTESIOLOGIA'),
(692, 145, 40102122, 'CIRURGIA TRAUMATOLÓGICA'),
(691, 145, 40102114, 'CIRURGIA ORTOPÉDICA'),
(690, 145, 40102106, 'CIRURGIA PROCTOLÓGICA'),
(689, 145, 40102092, 'CIRURGIA UROLÓGICA'),
(688, 145, 40102084, 'NEUROCIRURGIA'),
(687, 145, 40102076, 'CIRURGIA PEDIÁTRICA'),
(686, 145, 40102068, 'CIRURGIA GASTROENTEROLOGICA'),
(685, 145, 40102050, 'CIRURGIA TORÁXICA'),
(684, 145, 40102041, 'CIRURGIA CARDIOVASCULAR'),
(683, 145, 40102033, 'CIRURGIA OFTALMOLÓGICA'),
(682, 145, 40102025, 'CIRURGIA OTORRINOLARINGOLOGIA'),
(681, 145, 40102017, 'CIRURGIA PLÁSTICA E RESTAURADORA'),
(679, 144, 40101186, 'ORTOPEDIA'),
(678, 144, 40101177, 'OFTALMOLOGIA'),
(677, 144, 40101150, 'GINECOLOGIA E OBSTETRÍCIA'),
(672, 144, 40101142, 'REUMATOLOGIA'),
(671, 144, 40101096, 'DOENÇAS INFECCIOSAS E PARASITÁRIAS'),
(670, 144, 40101088, 'PEDIATRIA'),
(669, 144, 40101070, 'NEUROLOGIA'),
(668, 144, 40101053, 'HEMATOLOGIA'),
(667, 144, 40101037, 'ALERGOLOGIA E IMUNOLOGIA CLÍNICA'),
(666, 144, 40107000, 'MEDICINA LEGAL E DEONTOLOGIA'),
(665, 144, 40101169, 'FISIATRIA'),
(664, 144, 40101134, 'NEFROLOGIA'),
(663, 144, 40101126, 'PNEUMOLOGIA'),
(662, 144, 40101118, 'GASTROENTEROLOGIA'),
(661, 144, 40101100, 'CARDIOLOGIA'),
(660, 144, 40101061, 'ENDOCRINOLOGIA'),
(659, 144, 40101045, 'CANCEROLOGIA'),
(658, 144, 40101029, 'DERMATOLOGIA'),
(657, 144, 40101010, 'ANGIOLOGIA'),
(653, 143, 31302041, 'TECNOLOGIA DE PRÓTESES'),
(652, 143, 31302033, 'INSTRUMENTAÇÃO ODONTOLÓGICA E MÉDICO-HOSPITALAR'),
(651, 143, 31302025, 'TRANSDUTORES PARA APLICAÇÕES BIOMÉDICAS'),
(650, 143, 31302017, 'BIOMATERIAIS E MATERIAIS BIOCOMPATÍVEIS'),
(648, 142, 31301037, 'MODELAGEM DE SISTEMAS BIOLÓGICOS'),
(647, 142, 31301029, 'MODELAGEM DE FENÔMENOS BIOLÓGICOS'),
(646, 142, 31301010, 'PROCESSAMENTO DE SINAIS BIOLÓGICOS'),
(643, 107, 30406030, 'SISTEMAS DE TELECOMUNICAÇÕES'),
(642, 107, 30406021, 'RADIONAVEGAÇÃO E RADIOASTRONOMIA'),
(641, 107, 30406013, 'TEORIA ELETROMAG., MICROONDAS, PROPAGAÇÃO DE ONDAS, ANTENAS'),
(639, 106, 30405033, 'CONTROLE DE PROCESSOS ELETRÔNICOS, RETROALIMENTAÇÃO'),
(638, 106, 30405025, 'AUTOMAÇÃO ELETRÔNICA DE PROCESSOS ELÉTRICOS E INDUSTRIAIS'),
(637, 106, 30405017, 'ELETRÔNICA INDUSTRIAL'),
(635, 105, 30404061, 'INSTALAÇÕES ELÉTRICAS PREDIAIS E INDUSTRIAIS'),
(634, 105, 30404053, 'MÁQUINAS ELÉTRICAS E DISPOSITIVOS DE POTÊNCIA'),
(633, 105, 30404045, 'MEDIÇÃO, CONTROLE, CORREÇÃO E PROTEÇÃO DE SIST. ELET. E POT.'),
(632, 105, 30404037, 'CONVERSÃO E RETIFICAÇÃO DA ENERGIA ELÉTRICA'),
(631, 105, 30404029, 'TRANSMISSÃO DA ENERGIA ELET., DISTRIB. DA ENERGIA ELÉTRICA'),
(630, 105, 30404010, 'GERAÇÃO DE ENERGIA ELÉTRICA'),
(628, 104, 30403049, 'CIRCUITOS MAGNÉTICOS, MAGNÉTISMO, ELETROMAGNÉTISMO'),
(627, 104, 30403030, 'CIRCUITOS ELETRÔNICOS'),
(626, 104, 30403022, 'CIRCUITOS LINEARES E NÃO LINEARES'),
(625, 104, 30403014, 'TEORIA GERAL DOS CIRCUITOS ELÉTRICOS'),
(623, 103, 30402050, 'SISTEMAS ELETRÔNICOS DE MEDIDAS E DE CONTROLE'),
(622, 103, 30402042, 'INSTRUMENTAÇÃO ELETRÔNICA'),
(621, 103, 30402034, 'INSTRUMENTAÇÃO ELETROMECÂNICA'),
(620, 103, 30402026, 'MEDIDAS MAGNÉTICAS'),
(619, 103, 30402018, 'MEDIDAS ELÉTRICAS'),
(617, 102, 30401062, 'MATERIAIS E DISPOSITIVOS MAGNÉTICOS'),
(616, 102, 30401054, 'MAT. E COMP. ELETROÓTICOS E MAGNET., MAT. FOTOELÉTRICOS'),
(615, 102, 30401046, 'MATERIAIS DIELÉTRICOS, PIESOELÉTRICOS E FERROELÉTRICOS'),
(614, 102, 30401038, 'MATERIAIS E DISPOSITIVOS SUPERCONDUTORES'),
(613, 102, 30401020, 'MATERIAIS E COMPONENTES SEMICONDUTORES'),
(612, 102, 30401011, 'MATERIAIS CONDUTORES'),
(609, 141, 31206077, 'MANUTENÇÃO DE SISTEMAS AEROESPACIAIS'),
(608, 141, 31206069, 'NORMATIZAÇÃO E CERT. DE QUAL. DE AERONAVES E COMPONENTES'),
(607, 141, 31206050, 'SATÉLITES E OUTROS DISPOSITIVOS AEROESPACIAIS'),
(606, 141, 31206042, 'HOVERCRAFT'),
(604, 141, 31206026, 'FOGUETES'),
(605, 141, 31206034, 'HELICÓPTEROS'),
(603, 141, 31206018, 'AVIÕES'),
(601, 140, 31205046, 'MOTORES ALTERNATIVOS'),
(600, 140, 31205038, 'MÁQUINAS DE FLUXO'),
(599, 140, 31205020, 'PROPULSÃO DE FOGUTES'),
(598, 140, 31205011, 'COMBUSTÃO E ESCOAMENTO COM REAÇÕES QUÍMICAS'),
(595, 138, 31203035, 'PROJETOS DE ESTRUTURAS AEROESPACIAIS'),
(594, 138, 31203027, 'FADIGA'),
(593, 138, 31203019, 'AEROELASTICIDADE'),
(591, 137, 31202020, 'ESTABILIDADE E CONTROLE'),
(590, 137, 31202012, 'TRAJETÓRIAS E ÓRBITAS'),
(588, 136, 31201024, 'AERODINÂMICA DOS PROCESSOS GEOFÍSICOS E INTERPLANETÁRIOS'),
(587, 136, 31201016, 'AERODINÂMICA DE AERONAVES ESPACIAIS'),
(584, 135, 31105041, 'NORMATIZAÇÃO E CERTIFICAÇÃO DE QUALIDADE DE NAVIOS'),
(583, 135, 31105033, 'CUSTOS DE CONSTRUÇÃO NAVAL'),
(582, 135, 31105025, 'SOLDAGEM DE ESTRUTURAS NAVAIS E OCEÂNICOS'),
(581, 135, 31105017, 'MÉTODOS DE FABRICAÇÃO DE NAVIOS E SISTEMAS OCEÂNICOS'),
(579, 134, 31104037, 'PROJETOS DE EMBARCAÇÕES NÃO-CONVENCIONAIS'),
(578, 134, 31104029, 'PROJETOS DE SISTEMAS OCEÂNICOS FIXOS E SEMI-FIXOS'),
(577, 134, 31104010, 'PROJETOS DE NAVIOS'),
(575, 133, 31103049, 'MOTOR DE PROPULSÃO'),
(574, 133, 31103030, 'EQUIPAMENTOS AUXILIARES DO SISTEMA PROPULSIVO'),
(573, 133, 31103022, 'CONTROLE E AUTOMAÇÃO DE SISTEMAS PROPULSORES'),
(572, 133, 31103014, 'ANÁLISE DE SISTEMAS PROPULSORES'),
(570, 132, 31102034, 'SÍNTESE ESTRUTURAL NAVAL E OCEÂNICA'),
(569, 132, 31102026, 'DINÂMICA ESTRUTURAL NAVAL E OCEÂNICA'),
(568, 132, 31102018, 'ANÁLISE TEÓRICA E EXPERIMENTAL DE ESTRUTURA'),
(566, 131, 31101020, 'PROPULSÃO DE NAVIOS'),
(565, 131, 31101011, 'RESISTÊNCIA HIDRODINÂMICA'),
(562, 123, 30804060, 'AVALIAÇÃO DE PROJETOS'),
(561, 123, 30804051, 'VIDA ECONÔMICA DOS EQUIPAMENTOS'),
(560, 123, 30804043, 'ECONOMIA DE TECNOLOGIA'),
(559, 123, 30804035, 'ANÁLISE DE CUSTOS'),
(558, 123, 30804027, 'LOCALIZAÇÃO INDUSTRIAL'),
(557, 123, 30804019, 'ESTUDO DE MERCADO'),
(555, 122, 30803055, 'DESENVOLVIMENTO DE PRODUTO'),
(554, 122, 30803047, 'GERÊNCIA DO PROJETO E DO PRODUTO'),
(553, 122, 30803039, 'PROCESSOS DE TRABALHO'),
(552, 122, 30803020, 'METODOLOGIA DE PROJETO DO PRODUTO'),
(551, 122, 30803012, 'ERGONOMIA'),
(549, 121, 30802059, 'TEORIA DOS JOGOS'),
(548, 121, 30802040, 'TEORIA DOS GRAFOS'),
(547, 121, 30802032, 'SÉRIES TEMPORAIS'),
(546, 121, 30802024, 'PROGRAMAÇÃO LINEAR, NÃO-LINEAR, MISTA E DINÂMICA'),
(545, 121, 30802016, 'PROCESSOS ESTOCÁSTICOS E TEORIAS DAS FILAS'),
(543, 120, 30801052, 'GARANTIA DE CONTROLE DE QUALIDADE'),
(542, 120, 30801044, 'SUPRIMENTOS'),
(541, 120, 30801036, 'HIGIENE E SEGURANÇA DO TRABALHO'),
(540, 120, 30801028, 'PLANEJAMENTO, PROJETO E CONTROLE DE SIST. DE PRODUÇÃO'),
(539, 120, 30801010, 'PLANEJAMENTO DE INSTALAÇOES INDUSTRIAIS'),
(536, 112, 30505054, 'PROCESSOS DE FABRICAÇÃO, SELEÇÃO ECONÔMICA'),
(535, 112, 30505046, 'ROBOTIZAÇÃO'),
(534, 112, 30505038, 'CONTROLE NUMÉRICO'),
(533, 112, 30505020, 'MÁQUINAS DE USINAGEM E CONFORMAÇÃO'),
(532, 112, 30505011, 'MATRIZES E FERRAMENTAS'),
(530, 111, 30504082, 'APROVEITAMENTO DE ENERGIA'),
(529, 111, 30504074, 'CONTROLE DE SISTEMAS MECÂNICOS'),
(528, 111, 30504066, 'MÉTODOS DE SÍNTESE E OTIMIZAÇÃO APLICADOS AO PROJ.  MECÂNICO'),
(527, 111, 30504058, 'MÁQUINAS, MOTORES E EQUIPAMENTOS'),
(526, 111, 30504040, 'FUNDAMENTOS GERAIS DE PROJETOS DAS MÁQUINAS'),
(525, 111, 30504031, 'ELEMENTOS DE MÁQUINAS'),
(524, 111, 30504023, 'ESTÁTICA E DINÂMICA APLICADA'),
(523, 111, 30504015, 'TEORIA DOS MECANISMOS'),
(521, 110, 30503043, 'TERMOELASTICIDADE'),
(520, 110, 30503035, 'ANÁLISE DE TENSÕES'),
(519, 110, 30503027, 'DINÂMICA DOS CORPOS RÍGIDOS, ELÁSTICOS E PLÁSTICOS'),
(518, 110, 30503019, 'MECÂNICA DOS CORPOS SÓLIDOS, ELÁSTICOS E PLÁSTICOS'),
(516, 109, 30502039, 'APROVEITAMENTO DA ENERGIA'),
(515, 109, 30502020, 'CONTROLE AMBIENTAL'),
(514, 109, 30502012, 'TERMODINÂMICA'),
(512, 108, 30501040, 'PRINCÍPIOS VARIACIONAIS E MÉTODOS NUMÉRICOS'),
(511, 108, 30501032, 'DINÂMICA DOS GASES'),
(510, 108, 30501024, 'MECÂNICA DOS FLUÍDOS'),
(509, 108, 30501016, 'TRANSFERÊNCIA DE CALOR'),
(506, 127, 30904072, 'ASPECTOS ECONÔMICOS DE REATORES'),
(505, 127, 30904064, 'SEGURANÇA, LOCALIZAÇÃO E LICENCIAMENTO DE REATORES'),
(504, 127, 30904056, 'INSTRUMENTAÇÃO PARA OPERAÇÃO E CONTROLE DE REATORES'),
(503, 127, 30904048, 'GERAÇÃO E INTEGRAÇÃO COM SISTEMAS ELÉTRICOS EM REATORES'),
(502, 127, 30904030, 'TRANSFERÊNCIA DE CALOR EM REATORES'),
(501, 127, 30904021, 'MATERIAIS NUCLEARES E BLINDAGEM DE REATORES'),
(500, 127, 30904013, 'NÚCLEO DO REATOR'),
(498, 126, 30903041, 'REJEITOS DE COMBUSTÍVEL NÚCLEAR'),
(497, 126, 30903033, 'REPROCESSAMENTO DO COMBUSTÍVEL NÚCLEAR'),
(496, 126, 30903025, 'CONVERSÃO, ENRIQUECIMENTO E FABRICAÇÃO DE COMBUST. NÚCLEAR'),
(495, 126, 30903017, 'EXTRAÇÃO DE COMBUSTÍVEL NÚCLEAR'),
(493, 125, 30902029, 'PROBLEMAS TECNOLÓGICOS DA FUSÃO CONTROLADA'),
(492, 125, 30902010, 'PROCESSOS INDUSTRIAIS DA FUSÃO CONTROLADA'),
(490, 124, 30901030, 'INSTRUMENTAÇÃO PARA MEDIDA E CONTROLE DE RADIAÇÃO'),
(489, 124, 30901022, 'APLICAÇÕES INDUSTRIAIS DE RADIOISÓPOTOS'),
(488, 124, 30901014, 'PRODUÇÃO DE RADIOISÓPOTOS'),
(485, 115, 30603218, 'XISTO'),
(484, 115, 30603200, 'TRATAMENTOS E APROVEITAMENTOS DE REJEITOS'),
(483, 115, 30603196, 'TÉXTEIS'),
(482, 115, 30603188, 'PRODUTOS NATURAIS'),
(481, 115, 30603170, 'POLÍMEROS'),
(480, 115, 30603161, 'PETRÓLEO E PETROQUÍMICA'),
(479, 115, 30603153, 'PAPEL E CELULOSE'),
(478, 115, 30603145, 'ÓLEOS'),
(477, 115, 30603137, 'METAIS NÃO-FERROSOS'),
(476, 115, 30603129, 'MEDICAMENTOS'),
(475, 115, 30603110, 'FERTILIZANTES'),
(474, 115, 30603102, 'DETERGENTES'),
(473, 115, 30603099, 'COURO'),
(472, 115, 30603080, 'CIMENTO'),
(471, 115, 30603072, 'CERÂMICA'),
(469, 115, 30603056, 'BORRACHAS'),
(470, 115, 30603064, 'CARVÃO'),
(467, 115, 30603030, 'ÁLCOOL'),
(468, 115, 30603048, 'ALIMENTOS'),
(466, 115, 30603021, 'ÁGUA'),
(465, 115, 30603013, 'BALANÇOS GLOBAIS DE MATÉRIA E ENERGIA'),
(463, 114, 30602033, 'OPERAÇÕES DE SEPARAÇÃO E MISTURA'),
(462, 114, 30602025, 'OPERAÇÕES CARACTERÍSTICAS DE PROCESSOS BIOQUÍMICOS'),
(461, 114, 30602017, 'REATORES QUÍMICOS'),
(459, 113, 30601037, 'PROCESSOS INORGÂNICOS'),
(458, 113, 30601029, 'PROCESSOS ORGÂNICOS'),
(457, 113, 30601010, 'PROCESSOS BIOQUÍMICOS'),
(454, 101, 30305047, 'POLÍMEROS,  APLICAÇÕES'),
(453, 101, 30305039, 'MATERIAIS CONJUGADOS NÃO-METÁLICOS'),
(452, 101, 30305020, 'CERÂMICOS'),
(451, 101, 30305012, 'EXTRAÇÃO E TRANSFORMAÇÃO DE MATERIAIS'),
(449, 100, 30304059, 'CORROSÃO'),
(448, 100, 30304040, 'TRANSFORMAÇÃO DE FASES'),
(447, 100, 30304032, 'PROPRIEDADES MECÂNICAS DOS METAIS E LIGAS'),
(446, 100, 30304024, 'PROPRIEDADES FÍSICAS DOS METAIS E LIGAS'),
(445, 100, 30304016, 'ESTRUTURA DOS METAIS E LIGAS'),
(443, 99, 30303079, 'USINAGEM'),
(442, 99, 30303060, 'TRATAMENTO TÉRMICO, MECÂNICOS E QUÍMICOS'),
(441, 99, 30303052, 'SOLDAGEM'),
(440, 99, 30303044, 'RECOBRIMENTOS'),
(439, 99, 30303036, 'METALURGIA DE PÓ'),
(438, 99, 30303028, 'FUNDIÇÃO'),
(437, 99, 30303010, 'CONFORMAÇÃO MECÂNICA'),
(435, 98, 30302056, 'TRATAMENTO DE MINÉRIOS'),
(434, 98, 30302048, 'PIROMETALURGIA'),
(433, 98, 30302030, 'HIDROMETALURGIA'),
(432, 98, 30302021, 'ELETROMETALURGIA'),
(431, 98, 30302013, 'AGLOMERAÇÃO'),
(429, 97, 30301025, 'EQUIPAMENTOS METALÚRGICOS'),
(428, 97, 30301017, 'INSTALAÇÕES METALÚRGICAS'),
(425, 96, 30203023, 'EQUIPAMENTOS DE BENEFICIAMENTO DE MINÉRIOS'),
(424, 96, 30203015, 'MÉTODOS DE CONCENTRAÇÃO E ENRIQUECIMENTOS DE MINÉRIOS'),
(422, 95, 30202035, 'EQUIPAMENTOS DE LAVRA'),
(421, 95, 30202027, 'LAVRA DE MINA SUBTERRÂNEA'),
(420, 95, 30202019, 'LAVRA A CÉU ABERTO'),
(418, 94, 30201020, 'DIMENSIONAMENTO DE JAZIDAS'),
(417, 94, 30201012, 'CARACTERIZAÇÃO DO MINÉRIO'),
(414, 130, 31003036, 'OPERAÇÃO DE SISTEMAS DE TRANSPORTE'),
(413, 130, 31003028, 'CAPACIDADE DE VIAS DE TRANSPORTE'),
(412, 130, 31003010, 'ENGENHARIA DE TRÁFEGO'),
(410, 129, 31002048, 'EQUIPAMENTOS AUXILIARES E CONTROLES'),
(409, 129, 31002030, 'ESTAÇÃO DE TRANSPORTE'),
(408, 129, 31002021, 'VEÍCULOS DE TRANSPORTES'),
(407, 129, 31002013, 'VIAS DE TRANSPORTE'),
(405, 128, 31001025, 'ECONOMIA DOS TRANSPORTES'),
(404, 128, 31001017, 'PLANEJAMENTO E ORGANIZAÇÃO DO SISTEMA DE TRANSPORTE'),
(401, 119, 30704065, 'LEGISLAÇÃO AMBIENTAL'),
(400, 119, 30704057, 'CONTROLE DA POLUIÇÃO'),
(399, 119, 30704049, 'QUALIDADE DO AR, DAS ÁGUAS E DO SOLO'),
(398, 119, 30704030, 'PARASITOLOGIA APLICADA À ENGENHARIA SANITÁRIA'),
(397, 119, 30704022, 'MICROBIOLOGIA APLICADA E ENGENHARIA SANITÁRIA'),
(396, 119, 30704014, 'ECOLOGIA APLICADA À ENGENHARIA SANITÁRIA'),
(394, 118, 30703069, 'INSTALAÇÕES HIDRÁULICO-SANITÁRIAS'),
(393, 118, 30703050, 'LIMPEZA PÚBLICA'),
(392, 118, 30703042, 'RESÍDUOS SÓLIDOS, DOMÉSTICOS E INDUSTRIAIS'),
(391, 118, 30703034, 'DRENAGEM URBANA DE ÁGUAS PLUVIAIS'),
(390, 118, 30703026, 'DRENAGEM DE ÁGUAS RESIDUÁRIAS'),
(389, 118, 30703018, 'TÉCNICAS DE ABASTECIMENTO DA ÁGUA'),
(387, 117, 30702078, 'TÉCNICAS CONVENCIONAIS DE TRATAMENTO DE ÁGUAS'),
(386, 117, 30702070, 'RESÍDUOS RADIOATIVOS'),
(385, 117, 30702062, 'LAY OUT DE PROCESSOS INDUSTRIAIS'),
(384, 117, 30702054, 'ESTUDOS E CARACTERIZAÇÃO DE EFLUENTES INDUSTRIAIS'),
(383, 117, 30702046, 'TÉCNICAS AVANÇADAS DE TRATAMENTO DE ÁGUAS'),
(382, 117, 30702038, 'TÉCNICAS CONVENCIONAIS DE TRATAMENTO DE ÁGUAS'),
(381, 117, 30702020, 'PROCESSOS SIMPLIFICADOS DE TRATAMENTO DE ÁGUAS'),
(380, 117, 30702011, 'QUÍMICA SANITÁRIA'),
(378, 116, 30701058, 'SEDIMENTOLOGIA'),
(377, 116, 30701040, 'CONTROLE DE ENCHENTES E DE BARRAGENS'),
(376, 116, 30701031, 'ÁGUAS SUBTERRÂNEAS E POÇOS PROFUNDOS'),
(375, 116, 30701023, 'TECNOLOGIA E PROBLEMAS SANITÁRIOS DE IRRIGAÇÃO'),
(374, 116, 30701015, 'PLANEJAMENTO INTEGRADO DOS RECURSOS HÍDRICOS'),
(371, 93, 30105048, 'RODOVIAS, PROJETO E CONSTRUÇÃO'),
(370, 93, 30105030, 'PORTOS E VIAS NAVEGÁVEISPROJETO E CONSTRUÇÃO'),
(369, 93, 30105021, 'FERROVIAS, PROJETOS E CONSTRUÇÃO'),
(368, 93, 30105013, 'AEROPORTOS, PROJETO E CONSTRUÇÃO'),
(366, 92, 30104025, 'HIDROLOGIA'),
(365, 92, 30104017, 'HIDRÁULICA'),
(363, 91, 30103053, 'PAVIMENTOS'),
(362, 91, 30103045, 'OBRAS DE TERRA E ENROCAMENTO'),
(361, 91, 30103037, 'MECÂNICA DOS SOLOS'),
(360, 91, 30103029, 'MECÂNICAS DAS ROCHAS'),
(359, 91, 30103010, 'FUNDAÇÕES E ESCAVAÇÕES'),
(357, 90, 30102049, 'MECÂNICA DAS ESTRUTURAS'),
(356, 90, 30102030, 'ESTRUTURAS METÁLICAS'),
(355, 90, 30102022, 'ESTRUTURAS DE MADEIRAS'),
(354, 90, 30102014, 'ESTRUTURAS DE CONCRETO'),
(352, 89, 30101034, 'INSTALAÇÕES PREDIAIS'),
(351, 89, 30101026, 'PROCESSOS CONSTRUTIVOS'),
(350, 89, 30101018, 'MATERIAIS E COMPONENTES DE CONSTRUÇÃO'),
(346, 53, 20406037, 'CONTROLE POPULACIONAL DE ANIMAIS'),
(345, 53, 20406029, 'UTILIZAÇÃO DOS ANIMAIS'),
(344, 53, 20406010, 'CONSERVAÇÃO DAS ESPÉCIES ANIMAIS'),
(334, 45, 20304021, 'TAXONOMIA DE FANEROGAMOS'),
(333, 45, 20304013, 'TAXONOMIA DE CRIPTÓGAMOS'),
(331, 44, 20303033, 'ECOFISIOLOGIA VEGETAL'),
(330, 44, 20303025, 'REPRODUÇÃO VEGETAL'),
(329, 44, 20303017, 'NUTRIÇÃO E CRESCIMENTO VEGETAL'),
(327, 43, 20302045, 'PALINOLOGIA'),
(326, 43, 20302037, 'ANATOMIA VEGETAL'),
(325, 43, 20302029, 'CITOLOGIA VEGETAL'),
(324, 43, 20302010, 'MORFOLOGIA EXTERNA'),
(313, 87, 21302022, 'HELMINTOLOGIA ANIMAL'),
(312, 87, 21302014, 'HELMINTOLOGIA HUMANA'),
(310, 86, 21301026, 'PROTOZOOLOGIA PARASITÁRIA ANIMAL'),
(309, 86, 21301018, 'PROTOZOOLOGIA PARASITÁRIA HUMANA'),
(306, 85, 21202028, 'MICROBIOLOGIA INDUSTRIAL E DE FERMENTAÇÃO'),
(305, 85, 21202010, 'MICROBIOLOGIA MÉDICA'),
(303, 84, 21201030, 'MICOLOGIA'),
(302, 84, 21201021, 'BACTERIOLOGIA'),
(301, 84, 21201013, 'VIROLOGIA'),
(286, 72, 21001022, 'BIODISPONIBILIDADE'),
(285, 72, 21001014, 'FARMACOCINÉTICA'),
(273, 63, 20801033, 'GLICÍDEOS'),
(272, 63, 20801025, 'LIPÍDEOS'),
(271, 63, 20801017, 'PROTEÍNAS'),
(266, 60, 20702078, 'CINESIOLOGIA'),
(265, 60, 20702060, 'FISIOLOGIA DA DIGESTÃO'),
(264, 60, 20702051, 'FISIOLOGIA ENDÓCRINA'),
(263, 60, 20702043, 'FISIOLOGIA RENAL'),
(262, 60, 20702035, 'FISIOLOGIA DA RESPIRAÇÃO'),
(261, 60, 20702027, 'FISIOLOGIA CARDIOVASCULAR'),
(260, 60, 20702019, 'NEUROFISIOLOGIA'),
(256, 58, 20604025, 'ANATOMIA ANIMAL'),
(255, 58, 20604017, 'ANATOMIA HUMANA'),
(239, 35, 10804030, 'GEOFÍSICA MARINHA'),
(238, 35, 10804021, 'SEDIMENTOLOGIA MARINHA'),
(237, 35, 10804013, 'GEOMORFOLOGIA SUBMARINA'),
(235, 34, 10803025, 'INTER.QUÍM.-BIOL./GEOL.DAS SUBST. QUIM.DA ÁGUA DO MAR'),
(234, 34, 10803017, 'PROPRIEDADES QUÍMICAS DA ÁGUA DO MAR'),
(232, 33, 10802053, 'INTERAÇÃO DO OCEANO COM A ATMOSFERA'),
(231, 33, 10802045, 'INTERAÇÃO DO OCEANO COM O LEITO DO MAR'),
(230, 33, 10802037, 'ORIGEM DAS MASSAS DE ÁGUA'),
(229, 33, 10802029, 'MOVIMENTO DA ÁGUA DO MAR'),
(228, 33, 10802010, 'VARIÁVEIS FÍSICAS DA ÁGUA DO MAR'),
(226, 31, 10705074, 'GEOCARTOGRAFIA'),
(225, 31, 10705066, 'FOTOGEOGRAFIA (FÍSICO-ECOLÓGICA)'),
(224, 31, 10705058, 'GEOECOLOGIA'),
(222, 31, 10705031, 'PEDOLOGIA'),
(223, 31, 10705040, 'HIDROGEOGRAFIA'),
(221, 31, 10705023, 'CLIMATOLOGIA GEOGRÁFICA'),
(220, 31, 10705015, 'GEOMORFOLOGIA'),
(218, 30, 10704051, 'CARTOGRAFIA BÁSICA'),
(217, 30, 10704043, 'FOTOGRAMETRIA'),
(216, 30, 10704035, 'GEODÉSIA CELESTE'),
(215, 30, 10704027, 'GEODÉSIA GEOMÉTRICA'),
(214, 30, 10704019, 'GEODÉSIA FÍSICA'),
(212, 29, 10703098, 'METEOROLOGIA APLICADA'),
(211, 29, 10703080, 'SENSORIAMENTO REMOTO DA ATMOSFERA'),
(210, 29, 10703071, 'MICROMETEOROLOGIA'),
(209, 29, 10703063, 'CLIMATOLOGIA'),
(208, 29, 10703055, 'INSTRUMENTAÇÃO METEOROLÓGICA'),
(207, 29, 10703047, 'QUÍMICA DA ATMOSFERA'),
(206, 29, 10703039, 'METEOROLOGIA FÍSICA'),
(205, 29, 10703020, 'METEOROLOGIA SINÓTICA'),
(204, 29, 10703012, 'METEOROLOGIA DINÂMICA'),
(202, 28, 10702105, 'GRAVIMETRIA'),
(201, 28, 10702091, 'GEOFÍSICA APLICADA'),
(200, 28, 10702083, 'DESENVOLVIMENTO DE INSTRUMENTAÇÃO GEOFÍSICA'),
(199, 28, 10702075, 'AERONOMIA'),
(198, 28, 10702067, 'SENSORIAMENTO REMOTO'),
(197, 28, 10702059, 'GEOFÍSICA NUCLEAR'),
(196, 28, 10702040, 'PROPRIEDADES FÍSICAS DAS ROCHAS'),
(194, 28, 10702024, 'SISMOLOGIA'),
(195, 28, 10702032, 'GEOTERMIA E FLUXO TÉRMICO'),
(193, 28, 10702016, 'GEOMAGNETISMO'),
(191, 32, 10701141, 'GEOLOGIA AMBIENTAL'),
(190, 32, 10701133, 'ESTRATIGRAFIA'),
(189, 32, 10701125, 'PALEONTOLOGIA ESTRATIGRÁFICA'),
(188, 32, 10701117, 'SEDIMENTOLOGIA'),
(187, 32, 10701109, 'PROSPECÇÃO MINERAL'),
(186, 32, 10701095, 'HIDROGEOLOGIA'),
(185, 32, 10701087, 'METALOGENIA'),
(184, 32, 10701079, 'CARTOGRAFIA GEOLÓGICA'),
(183, 32, 10701060, 'GEOCRONOLOGIA'),
(182, 32, 10701052, 'GEOTECTÔNICA'),
(180, 32, 10701036, 'GEOQUÍMICA'),
(181, 32, 10701044, 'GEOLOGIA REGIONAL'),
(179, 32, 10701028, 'PETROLOGIA'),
(178, 32, 10701010, 'MINERALOGIA'),
(175, 27, 10604073, 'ANÁLISE DE TRAÇOS E QUÍMICA AMBIENTAL'),
(174, 27, 10604065, 'INSTRUMENTAÇÃO ANALÍTICA'),
(173, 27, 10604057, 'TITIMETRIA'),
(172, 27, 10604049, 'GRAVIMETRIA'),
(171, 27, 10604030, 'ELETROANALÍTICA'),
(170, 27, 10604022, 'MÉTODOS ÓTICOS DE ANÁLISE'),
(169, 27, 10604014, 'SEPARAÇÃO'),
(167, 26, 10603085, 'TERMODINÂMICA QUÍMICA'),
(166, 26, 10603077, 'QUÍMICA TEÓRICA'),
(165, 26, 10603069, 'QUÍMICA NÚCLEAR E RADIOQUÍMICA'),
(164, 26, 10603050, 'QUÍMICA DO ESTADO CONDENSADO'),
(163, 26, 10603042, 'QUÍMICA DE INTERFACES'),
(162, 26, 10603034, 'ESPECTROSCOPIA'),
(161, 26, 10603026, 'ELETROQUÍMICA'),
(160, 26, 10603018, 'CINÉTICA QUÍMICA E CATALISE'),
(158, 25, 10602070, 'QUÍMICA BIO-INORGÂNICA'),
(157, 25, 10602062, 'FÍSICO QUÍMICA INORGÂNICA'),
(156, 25, 10602054, 'FOTO-QUÍMICA INORGÂNICA'),
(155, 25, 10602046, 'DETERMINAÇÃO DE ESTRUTURAS DE COMPOSTOS INORGÂNICOS'),
(154, 25, 10602038, 'COMPOSTOS ORGANO-METÁLICOS'),
(153, 25, 10602020, 'NÃO-METAIS E SEUS COMPOSTOS'),
(152, 25, 10602011, 'CAMPOS DE COORDENAÇÃO'),
(150, 24, 10601074, 'POLÍMEROS E COLÓIDES'),
(149, 24, 10601066, 'EVOLUÇÃO, SISTEMÁTICA E ECOLOGIA QUÍMICA'),
(148, 24, 10601058, 'QUÍMICA DOS PRODUTOS NATURAIS'),
(147, 24, 10601040, 'FOTOQUÍMICA ORGÂNICA'),
(146, 24, 10601031, 'FÍSICO-QUÍMICA ORGÂNICA'),
(145, 24, 10601023, 'SÍNTESE ORGÂNICA'),
(144, 24, 10601015, 'ESTRUTURA, CONFORMAÇÃO E ESTEREOQUÍMICA'),
(141, 23, 10507175, 'EMISSÃO ELETRON.E IÔNICA POR LIQ.E SÓLIDOSFENOM.DE IMPACTO'),
(140, 23, 10507167, 'PROP.OTIC.E ESPEC.MATR.COND.OUTRAS INTER.MAT.COM RAD.PART.'),
(139, 23, 10507159, 'MATERIAIS DIELÉTRICOS E PROPRIEDADES DIELÉTRICAS'),
(138, 23, 10507140, 'RESS.MAGN. REL.MAT.COND.EFEIT.MOSBAUERCORR.ANG.PERTUBADA'),
(137, 23, 10507132, 'MATERIAIS MAGNÉTICOS E PROPRIEDADES MAGNÉTICAS'),
(136, 23, 10507124, 'SUPERCONDUTIVIDADE'),
(135, 23, 10507116, 'ESTRUT.ELETR.E PROPR.ELET.DE SUPERFÍCIESINTERF.E PELÍCULAS'),
(134, 23, 10507108, 'TRANSP.ELETR.E PROPR.ELET.DE SUPERFÍCIESINTERF.E PELÍCULAS'),
(133, 23, 10507094, 'ESTADOS ELETRÔNICOS'),
(132, 23, 10507086, 'SUPERFÍCIES E INTERFACESPELÍCULAS E FILAMENTOS'),
(131, 23, 10507078, 'CAMPOS QUÂNTICOS E SÓLIDOS, HÉLIO, LÍQUIDO, SÓLIDO'),
(130, 23, 10507060, 'PROPRIEDADES DE TRANSP.DE MATÉRIA COND. (NÃO ELETRÔNICAS)'),
(129, 23, 10507051, 'PROPRIEDADES TÉRMICAS DA MATÉRIA CONDENSADA'),
(128, 23, 10507043, 'EQUAÇÃO DE ESTADO, EQUILIB. DE FASES E TRANSIÇÕES DE FASES'),
(127, 23, 10507035, 'DINÂMICA DA REDE E ESTATÍSTICA DE CRISTAIS'),
(126, 23, 10507027, 'PROPRIEDADES MECÂNICAS E ACÚSTICAS DA MATÉRIA CONDENSADA'),
(125, 23, 10507019, 'ESTRUTURA DE LÍQUIDOS E SÓLIDOSCRISTALOGRAFIA'),
(123, 22, 10506020, 'FÍSICA DE PLASMAS E DESCARGAS ELÉTRICAS'),
(122, 22, 10506012, 'CINÉTICA E TEOR.DE TRANSP.DE FLÚIDOSPROPRIED.FIS.DE GASES'),
(120, 21, 10505067, 'ESTUDOS DE ÁTOMOS E MOLÉCULAS ESPECIAIS'),
(119, 21, 10505059, 'INF.SOB.ATOM.E MOL.OBIT.EXPERIMENTALMENTEINST.E TÉCNICAS'),
(118, 21, 10505040, 'PROCESSOS DE COLISÃO E INTERAÇÕES DE ÁTOMOS E MOLÉCULAS'),
(117, 21, 10505032, 'ESPECTROS MOLECUL. E INTERAÇÕES DE FÓTONS COM MOLÉCULAS'),
(116, 21, 10505024, 'ESPECTROS ATÔMICOS E INTEGRAÇÃO DE FÓTONS'),
(115, 21, 10505016, 'ESTRUTURA ELETRÔNICA DE ÁTOMOS E MOLÉCULASTEORIA'),
(113, 20, 10504060, 'MET.EXPER.E INSTRUMENT.PARA PART.ELEMENT.E FÍSICA NUCLEAR'),
(112, 20, 10504052, 'PROPRIEDADES DE NÚCLEOS ESPECÍFICOS'),
(111, 20, 10504044, 'REAÇÕES NUCLEARES E ESPALHAMENTO (REAÇÕES ESPECÍFICAS)'),
(110, 20, 10504036, 'REAÇÕES NUCLEARES E ESPALHAMENTO GERAL'),
(109, 20, 10504028, 'DESINTEGRAÇÃO NUCLEAR E RADIOATIVIDADE'),
(108, 20, 10504010, 'ESTRUTURA NUCLEAR'),
(106, 19, 10503048, 'PROPRIEDADES DE PARTÍCULAS ESPECÍFICAS E RESSONÂNCIAS'),
(105, 19, 10503030, 'REAÇÕES ESPECÍFICAS E FENOMIOLOGIA DE PARTÍCULAS'),
(104, 19, 10503021, 'TEOR.ESP.E MOD.DE INTERAÇÃO SIST.DE PARTÍCULAS R.CÓSMICOS'),
(103, 19, 10503013, 'TEORIA GERAL DE PARTÍCULAS E CAMPOS'),
(101, 18, 10502068, 'DINÂMICA DOS FLUIDOS'),
(100, 18, 10502050, 'MECÂNICA, ELASTICIDADE E REOLOGIA'),
(99, 18, 10502041, 'TRANSFERÊNCIA DE CALORPROCESSOS TÉRMICOS E TERMODINÂMICOS'),
(98, 18, 10502033, 'ACÚSTICA'),
(97, 18, 10502025, 'ÓTICA'),
(96, 18, 10502017, 'ELETRICIDADE E MAGNETISMOCAMPOS E PARTÍCULAS CARREGADAS'),
(94, 17, 10501061, 'INSTRUMENTAÇÃO ESPECÍFICA DE USO GERAL EM FÍSICA'),
(93, 17, 10501053, 'METROLOGIA, TECN. GER. DE LAB. E SIST. DE INSTRUMENTAÇÃO'),
(92, 17, 10501045, 'FÍSICA ESTATÍSTICA E TERMODINÂMICA'),
(91, 17, 10501037, 'RELATIVIDADE E GRAVITAÇÃO'),
(90, 17, 10501029, 'FÍSICA CLÁSSICA E FÍSICA QUÂNTICA MECÂNICA E CAMPOS'),
(89, 17, 10501010, 'MÉTODOS MATEMÁTICOS DA FÍSICA'),
(86, 16, 10406042, 'PROCESSAMENTO DE DADOS ASTRONÔMICOS'),
(85, 16, 10406034, 'ASTRONOMIA ESPACIAL'),
(84, 16, 10406026, 'RADIOASTRONOMIA'),
(83, 16, 10406018, 'ASTRONOMIA ÓTICA'),
(81, 15, 10405038, 'SISTEMA PLANETÁRIO'),
(80, 15, 10405020, 'MOVIMENTO DA TERRA'),
(79, 15, 10405011, 'FÍSICA SOLAR'),
(77, 14, 10404040, 'COSMOLOGIA'),
(76, 14, 10404031, 'QUASARES'),
(75, 14, 10404023, 'AGLOMERADOS DE GALÁXIAS'),
(74, 14, 10404015, 'GALÁXIAS'),
(72, 13, 10403027, 'NEBULOSA'),
(71, 13, 10403019, 'MEIO INTERESTELAR'),
(68, 11, 10401024, 'ASTRONOMIA DINÂMICA'),
(67, 11, 10401016, 'ASTRONOMIA FUNDAMENTAL'),
(64, 10, 10304045, 'TELEINFORMÁTICA'),
(63, 10, 10304037, 'SOFTWARE BÁSICO'),
(61, 10, 10304010, 'HARDWARE'),
(62, 10, 10304029, 'ARQUITETURA DE SISTEMAS DE COMPUTAÇÃO'),
(59, 9, 10303057, 'PROCESSAMENTO GRÁFICO (GRAPHICS)'),
(58, 9, 10303049, 'SISTEMAS DE INFORMAÇÃO'),
(57, 9, 10303030, 'BANCO DE DADOS'),
(56, 9, 10303022, 'ENGENHARIA DE SOFTWARE'),
(55, 9, 10303014, 'LINGUAGENS DE PROGRAMAÇÃO'),
(53, 7, 10302026, 'MODELOS ANALÍTICOS E DE SIMULAÇÃO'),
(52, 7, 10302018, 'MATEMÁTICA SIMBÓLICA'),
(50, 7, 10301046, 'LÓGICAS E SEMÂNTICA DE PROGRAMAS'),
(49, 7, 10301038, 'ANÁLISE DE ALGORÍTMOS E COMPLEXIDADE DE COMPUTAÇÃO'),
(48, 7, 10301020, 'LINGUAGEM FORMAIS E AUTÔMATOS'),
(47, 7, 10301011, 'COMPUTABILIDADE E MODELOS DE COMPUTAÇÃO'),
(43, 5, 10202080, 'ANÁLISE DE DADOS'),
(42, 5, 10202072, 'PLANEJAMENTO DE EXPERIMENTOS'),
(41, 5, 10202064, 'REGRESSÃO E CORRELAÇÃO'),
(40, 5, 10202056, 'ANÁLISE MULTIVARIADA'),
(39, 5, 10202048, 'INFERÊNCIA EM PROCESSOS ESTOCÁSTICOS'),
(38, 5, 10202030, 'INFERÊNCIA NÃO-PARAMÉTRICA'),
(37, 5, 10202021, 'INFERÊNCIA PARAMÉTRICA'),
(36, 5, 10202013, 'FUNDAMENTOS DA ESTATÍSTICA'),
(34, 6, 10201068, 'PROCESSOS ESTOCÁSTICOS ESPECIAIS'),
(33, 6, 10201050, 'ANÁLISE ESTOCÁSTICA'),
(32, 6, 10201041, 'PROCESSOS MARKOVIANOS'),
(31, 6, 10201033, 'TEOREMAS DE LIMITE'),
(30, 6, 10201025, 'TEORIA GERAL E PROCESSOS ESTOCÁSTICOS'),
(29, 6, 10201017, 'TEORIA GERAL E FUNDAMENTOS DA PROBABILIDADE'),
(27, 4, 10104038, 'MATEMÁTICA DISCRETA E COMBINATÓRIA'),
(26, 4, 10104020, 'ANÁLISE NUMÉRICA'),
(25, 4, 10104011, 'FÍSICA MATEMÁTICA'),
(23, 3, 10103066, 'TEORIA DAS FOLHEAÇÕES'),
(22, 3, 10103058, 'TEORIA DAS SINGULARIDADES E TEORIA DAS CATÁSTROFES'),
(21, 3, 10103040, 'SISTEMAS DINÂMICOS'),
(20, 3, 10103031, 'TOPOLOGIA DAS VARIEDADES'),
(19, 3, 10103023, 'TOPOLOGIA ALGÉBRICA'),
(18, 3, 10103015, 'GEOMETRIA DIFERÊNCIAL'),
(16, 2, 10102060, 'EQUAÇÕES DIFERENCIAIS FUNCIONAIS'),
(15, 2, 10102051, 'EQUAÇÕES DIFERENCIAIS PARCIAIS'),
(14, 2, 10102043, 'EQUAÇÕES DIFERENCIAIS ORDINÁRIAS'),
(13, 2, 10102035, 'ANÁLISE FUNCIONAL NÃO-LINEAR'),
(12, 2, 10102027, 'ANÁLISE FUNCIONAL'),
(11, 2, 10102019, 'ANÁLISE COMPLEXA'),
(9, 1, 10101063, 'GEOMETRIA ALGÉBRICA'),
(8, 1, 10101055, 'ÁLGEBRA COMUTATIVA'),
(7, 1, 10101047, 'GRUPO DE ÁLGEBRA NÃO-COMUTATIVA'),
(6, 1, 10101039, 'TEORIA DOS NÚMEROS'),
(5, 1, 10101020, 'LÓGICA MATEMÁTICA'),
(4, 1, 10101012, 'CONJUNTOS'),
(871, 204, 50701029, 'QUÍMICA, FÍSICA, FÍSICO-QUÍM. BIOQ. DOS ALI. MAT. PRIMAS ALI'),
(872, 204, 50701037, 'MICROBIOLOGIA DE ALIMENTOS'),
(873, 204, 50701045, 'FISIOLOGIA PÓS-COLHEITA'),
(874, 204, 50701053, 'TOXICIDADE E RESÍDUOS DE PESTICIDAS EM ALIMENTOS'),
(875, 204, 50701061, 'AVALIAÇÃO E CONTROLE DE QUALIDADE DE ALIMENTOS'),
(876, 204, 50701070, 'PADRÕES, LEGISLAÇÃO E FISCALIZAÇÃO DE ALIMENTOS'),
(878, 205, 50702017, 'TECNOLOGIA DE PRODUTOS DE ORIGEM ANIMAL'),
(879, 205, 50702025, 'TECNOLOGIA DE PRODUTOS DE ORIGEM VEGETAL'),
(880, 205, 50702033, 'TECNOLOGIA DAS BEBIDAS'),
(881, 205, 50702041, 'TECNOLOGIA DE ALIMENTOS DIETÉTICOS E NUTRICIONAIS'),
(882, 205, 50702050, 'APROVEITAMENTO DE SUBPRODUTOS'),
(883, 205, 50702068, 'EMBALAGENS DE PRODUTOS ALIMENTARES'),
(885, 206, 50703013, 'INSTALAÇÕES INDUSTRIAIS DE PRODUÇÃO DE ALIMENTOS'),
(886, 206, 50703021, 'ARMAZENAMENTO DE ALIMENTOS'),
(890, 207, 60101016, 'TEORIA GERAL DO DIREITO'),
(891, 207, 60101024, 'TEORIA GERAL DO PROCESSO'),
(892, 207, 60101032, 'TEORIA DO ESTADO'),
(893, 207, 60101040, 'HISTÓRIA DO DIREITO'),
(894, 207, 60101059, 'FILOSOFIA DO DIREITO'),
(895, 207, 60101067, 'LÓGICA JURÍDICA'),
(896, 207, 60101075, 'SOCIOLOGIA JURÍDICA'),
(897, 207, 60101083, 'ANTROPOLOGIA JURÍDICA'),
(899, 208, 60102012, 'DIREITO TRIBUTÁRIO'),
(900, 208, 60102020, 'DIREITO PENAL'),
(901, 208, 60102039, 'DIREITO PROCESSUAL PENAL'),
(902, 208, 60102047, 'DIREITO PROCESSUAL CIVIL'),
(903, 208, 60102055, 'DIREITO CONSTITUCIONAL'),
(904, 208, 60102063, 'DIREITO ADMINISTRATIVO'),
(905, 208, 60102071, 'DIREITO INTERNACIONAL PÚBLICO'),
(907, 209, 60103019, 'DIREITO CIVIL'),
(908, 209, 60103027, 'DIREITO COMERCIAL'),
(909, 209, 60103035, 'DIREITO DO TRABALHO'),
(910, 209, 60103043, 'DIREITO INTERNACIONAL PRIVADO'),
(914, 211, 60201010, 'ADMINISTRAÇÃO DE PRODUÇÃO'),
(915, 211, 60201029, 'ADMINISTRAÇÃO FINANCEIRA'),
(916, 211, 60201037, 'MERCADOLOGIA'),
(917, 211, 60201045, 'NEGÓCIOS INTERNACIONAIS'),
(918, 211, 60201053, 'ADMINISTRAÇÃO DE RECURSOS HUMANOS'),
(920, 212, 60202017, 'CONTABILIDADE E FINANÇAS PÚBLICAS'),
(921, 212, 60202025, 'ORGANIZAÇÕES PÚBLICAS'),
(922, 212, 60202033, 'POLÍTICA E PLANEJAMENTO GOVERNAMENTAIS'),
(923, 212, 60202041, 'ADMINISTRAÇÃO DE PESSOAL'),
(929, 215, 60301015, 'ECONOMIA GERAL'),
(930, 215, 60301023, 'TEORIA GERAL DA ECONOMIA'),
(931, 215, 60301031, 'HISTÓRIA DO PENSAMENTO ECONÔMICO'),
(932, 215, 60301040, 'HISTÓRIA ECONÔMICA'),
(933, 215, 60301058, 'SISTEMAS ECONÔMICOS'),
(935, 216, 60302011, 'MÉTODOS E MODELOS MATEMÁT., ECONOMÉTRICOS E ESTATÍSTICOS'),
(936, 216, 60302020, 'ESTATÍSTICA SÓCIO-ECONÔMICA'),
(937, 216, 60302038, 'CONTABILIDADE NACIONAL'),
(938, 216, 60302046, 'ECONOMIA MATEMÁTICA'),
(940, 217, 60303018, 'TEORIA MONETÁRIA E FINANCEIRA'),
(941, 217, 60303026, 'INSTITUIÇÕES MONETÁRIAS E FINANCEIRAS DO BRASIL'),
(942, 217, 60303034, 'FINANÇAS PÚBLICAS INTERNAS'),
(943, 217, 60303042, 'POLÍTICA FISCAL DO BRASIL'),
(945, 218, 60304014, 'CRESCIMENTO E DESENVOLVIMENTO ECONÔMICO'),
(946, 218, 60304022, 'TEORIA E POLÍTICA DE PLANEJAMENTO ECONÔMICO'),
(947, 218, 60304030, 'FLUTAÇÕES CICLÍCAS E PROJEÇÕES ECONÔMICAS'),
(948, 218, 60304049, 'INFLAÇÃO'),
(950, 219, 60305010, 'TEORIA DO COMÉRCIO INTERNACIONAL'),
(951, 219, 60305029, 'RELAÇÕES DO COMÉRCIOPOLÍT. COMERCIALINTEGRAÇÃO ECONÔMICA'),
(952, 219, 60305037, 'BALANÇO DE PAGAMENTOFINANÇAS INTERNACIONAIS'),
(953, 219, 60305045, 'INVESTIMENTOS INTERNACIONAIS E AJUDA EXTERNA'),
(955, 220, 60306017, 'TREIN. E ALOCAÇÃO DE MÃO-DE-OBRA;OFERTA MÃO-DE-OBRA F. TRAB.'),
(956, 220, 60306025, 'MERCADO DE TRABALHOPOLÍTICA DO GOVERNO'),
(957, 220, 60306033, 'SINDICATOS, DISSÍDIOS COLET., RELAÇÕES DE EMPREGO(EMP./EMP)'),
(958, 220, 60306041, 'CAPITAL HUMANO'),
(959, 220, 60306050, 'DEMOGRAFIA ECONÔMICA'),
(961, 221, 60307013, 'ORGANIZAÇÃO INDUSTRIAL E ESTUDOS INDUSTRIAIS'),
(962, 221, 60307021, 'MUDANÇA TECNOLÓGICA'),
(964, 222, 60308010, 'ECONOMIA DOS PROGRAMAS DE BEM-ESTAR SOCIAL'),
(965, 222, 60308028, 'ECONOMIA DO CONSUMIDOR'),
(967, 223, 60309016, 'ECONOMIA REGIONAL'),
(968, 223, 60309024, 'ECONOMIA URBANA'),
(969, 223, 60309032, 'RENDA E TRIBUTAÇÃO'),
(971, 224, 60310014, 'ECONOMIA AGRÁRIA'),
(972, 224, 60310022, 'ECONOMIA DOS RECURSOS NATURAIS'),
(975, 225, 60401010, 'HISTÓRIA DA ARQUITETURA E URBANISMO'),
(976, 225, 60401028, 'TEORIA DA ARQUITETURA'),
(977, 225, 60401036, 'HISTÓRIA DO URBANISMO'),
(978, 225, 60401044, 'TEORIA DO URBANISMO'),
(980, 226, 60402016, 'PLANEJAMENTO E PROJETOS DA EDIFICAÇÃO'),
(981, 226, 60402024, 'PLANEJAMENTO E PROJETO DO ESPAÇO URBANO'),
(982, 226, 60402032, 'PLANEJAMENTO E PROJETO DO EQUIPAMENTO'),
(984, 227, 60403012, 'ADEQUAÇÃO AMBIENTAL'),
(986, 228, 60404019, 'DESENVOLVIMENTO HISTÓRICO DO PAISAGISMO'),
(987, 228, 60404027, 'CONCEITUAÇÃO DE PAISAGISMO E METODOLOGIA DO PAISAGISMO'),
(988, 228, 60404035, 'ESTUDOS DE ORGANIZAÇÃO DO ESPAÇO EXTERIOR'),
(989, 228, 60404043, 'PROJETOS DE ESPAÇOS LIVRES URBANOS'),
(993, 229, 60501014, 'TEORIA DO PLANEJAMENTO URBANO E REGIONAL'),
(994, 229, 60501022, 'TEORIA DA URBANIZAÇÃO'),
(995, 229, 60501030, 'POLÍTICA URBANA'),
(996, 229, 60501049, 'HISTÓRIA URBANA'),
(998, 230, 60502010, 'INFORMAÇÃO, CADASTRO E MAPEAMENTO'),
(999, 230, 60502029, 'TÉCNICA DE PREVISÃO URBANA E REGIONAL'),
(1000, 230, 60502037, 'TÉCNICAS DE ANÁLISE E AVALIAÇÃO URBANA E REGIONAL'),
(1001, 230, 60502045, 'TÉCNICAS DE PLANEJAMENTO E PROJETO URBANOS E REGIONAIS'),
(1003, 231, 60503017, 'ADMINISTRAÇÃO MUNICIPAL E URBANA'),
(1004, 231, 60503025, 'ESTUDOS DA HABITAÇÃO'),
(1005, 231, 60503033, 'ASPECTOS SOCIAIS DO PLANEJAMENTO URBANO E REGIONAL'),
(1006, 231, 60503041, 'ASPECTOS ECONÔMICOS DO PLANEJAMENTO URBANO E REGIONAL'),
(1007, 231, 60503050, 'ASPECTOS FÍSICO-AMBIENTAIS DO PLANEJ. URBANO E REGIONAL'),
(1008, 231, 60503068, 'SERVIÇOS COMUNITÁRIOS'),
(1009, 231, 60503076, 'INFRA-ESTRUTURAS URBANAS E REGIONAIS'),
(1010, 231, 60503084, 'TRANSPORTE E TRÁFEGO URBANO E REGIONAL'),
(1011, 231, 60503092, 'LEGISLAÇÃO URBANA E REGIONAL'),
(1014, 232, 60601019, 'DISTRIBUIÇÃO ESPACIAL GERAL'),
(1015, 232, 60601027, 'DISTRIBUIÇÃO ESPACIAL URBANA'),
(1016, 232, 60601035, 'DISTRIBUIÇÃO ESPACIAL RURAL'),
(1018, 233, 60602015, 'TENDÊNCIAS PASSADAS'),
(1019, 233, 60602023, 'TAXAS E ESTIMATIVAS CORRENTES'),
(1020, 233, 60602031, 'PROJEÇÕES'),
(1022, 234, 60603011, 'FECUNDIDADE'),
(1023, 234, 60603020, 'MORTALIDADE'),
(1024, 234, 60603038, 'MIGRAÇÃO'),
(1026, 235, 60604018, 'CASAMENTO E DIVÓRCIO'),
(1027, 235, 60604026, 'FAMÍLIA E REPRODUÇÃO'),
(1029, 236, 60605014, 'DISTRIBUIÇÃO ESPACIAL'),
(1030, 236, 60605022, 'NATALIDADE, MORTALIDADE, MIGRAÇÃO'),
(1031, 236, 60605049, 'MÉTODOS E TÉCNICAS DE DEMOGRAFIA HISTÓRICA'),
(1033, 237, 60606010, 'POLÍTICA POPULACIONAL'),
(1034, 237, 60606029, 'POLÍTICAS DE REDISTRIBUIÇÃO DE POPULAÇÃO'),
(1035, 237, 60606037, 'POLÍTICAS DE PLANEJAMENTO FAMILIAR'),
(1039, 239, 60701013, 'TEORIA GERAL DA INFORMAÇÃO'),
(1040, 239, 60701021, 'PROCESSOS DA COMUNICAÇÃO'),
(1041, 239, 60701030, 'REPRESENTAÇÃO DA INFORMAÇÃO'),
(1043, 240, 60702010, 'TEORIA DA CLASSIFICAÇÃO'),
(1044, 240, 60702028, 'MÉTODOS QUANTITATIVOS, BIBLIOMETRIA'),
(1045, 240, 60702036, 'TÉCNICAS DE RECUPERAÇÃO DE INFORMAÇÃO'),
(1046, 240, 60702044, 'PROCESSOS DE DISSEMINAÇÃO DA INFORMAÇÃO'),
(1048, 241, 60703016, 'ORGANIZAÇÃO DE ARQUIVOS'),
(1053, 243, 60902019, 'TEORIA E ÉTICA DO JORNALISMO'),
(1054, 243, 60902027, 'ORGANIZAÇÃO EDITORIAL DE JORNAIS'),
(1055, 243, 60902035, 'ORGANIZAÇÃO COMERCIAL DE JORNAIS'),
(1056, 243, 60902043, 'JORNALISMO ESPECIALIZADO (COMUNITÁRIO, RURAL, EMP. CIENTIF.)'),
(1058, 244, 60903015, 'RADIODIFUSÃO'),
(1059, 244, 60903023, 'VIDEODIFUSÃO'),
(1067, 248, 61002011, 'SERVIÇO SOCIAL DO TRABALHO'),
(1068, 248, 61002020, 'SERVIÇO SOCIAL DA EDUCAÇÃO'),
(1069, 248, 61002038, 'SERVIÇO SOCIAL DO MENOR'),
(1070, 248, 61002046, 'SERVIÇO SOCIAL DA SAÚDE'),
(1071, 248, 61002054, 'SERVIÇO SOCIAL DA HABITAÇÃO'),
(1088, 255, 70201013, 'TEORIA SOCIOLÓGICA'),
(1089, 255, 70201021, 'HISTÓRIA DA SOCIOLOGIA'),
(1111, 273, 70504016, 'HISTÓRIA DOS ESTADOS UNIDOS'),
(1112, 273, 70504024, 'HISTÓRIA LATINO-AMERICANA'),
(1114, 274, 70505012, 'HISTÓRIA DO BRASIL COLÔNIA'),
(1115, 274, 70505020, 'HISTÓRIA DO BRASIL IMPÉRIO'),
(1116, 274, 70505039, 'HISTÓRIA DO BRASIL REPÚBLICA'),
(1117, 274, 70505047, 'HISTÓRIA REGIONAL DO BRASIL'),
(1121, 276, 70601011, 'GEOGRAFIA DA POPULAÇÃO'),
(1122, 276, 70601020, 'GEOGRAFIA AGRÁRIA'),
(1123, 276, 70601038, 'GEOGRAFIA URBANA'),
(1124, 276, 70601046, 'GEOGRAFIA ECONÔMICA'),
(1125, 276, 70601054, 'GEOGRAFIA POLÍTICA'),
(1127, 277, 70602018, 'TEORIA DO DESENVOLVIMENTO REGIONAL'),
(1128, 277, 70602026, 'REGIONALIZAÇÃO'),
(1129, 277, 70602034, 'ANÁLISE REGIONAL'),
(1132, 278, 70701016, 'HISTÓRIA, TEORIAS E SISTEMAS EM PSICOLOGIA'),
(1133, 278, 70701024, 'METODOLOGIA, INSTRUMENTAÇÃO E EQUIPAMENTO EM PSICOLOGIA'),
(1134, 278, 70701032, 'CONSTRUÇÃO E VALIDADE DE TESTES, ESC. E O. MEDIDAS PSICOLÓG.'),
(1135, 278, 70701040, 'TÉCN. DE PROCES. ESTÁT., MATEMÁTICO E COMPUT. EM PSICOLOGIA'),
(1137, 279, 70702012, 'PROCESSOS PERCEPTUAIS E MOTORES'),
(1138, 279, 70702020, 'PROCESSOS DE APRENDIZAGEM, MEMÓRIA E MOTIVAÇÃO'),
(1139, 279, 70702039, 'PROCESSOS COGNITIVOS E ATENCIONAIS'),
(1140, 279, 70702047, 'ESTADOS SUBJETIVOS E EMOÇÃO'),
(1142, 280, 70703019, 'NEUROLOGIA, ELETROFISIOLOGIA E COMPORTAMENTO'),
(1143, 280, 70703027, 'PROCESSOS PSICO-FISIOLÓGICOS'),
(1144, 280, 70703035, 'ESTIMULAÇÃO ELÉTRICA E COM DROGASCOMPORTAMENTO'),
(1145, 280, 70703043, 'PSICOBIOLOGIA'),
(1147, 281, 70704015, 'ESTUDOS NATURALÍSTICOS DO COMPORTAMENTO ANIMAL'),
(1148, 281, 70704023, 'MECANISMOS INSTINTIVOS E PROCESSOS SOCIAIS EM ANIMAIS'),
(1150, 282, 70705011, 'RELAÇÕES INTERPESSOAIS'),
(1151, 282, 70705020, 'PROCESSOS GRUPAIS E DE COMUNICAÇÃO'),
(1152, 282, 70705038, 'PAPEIS E ESTRUTURAS SOCIAIS, INDIVÍDUO'),
(1155, 284, 70707014, 'PROCESSOS PERCEPTUAIS E COGNITIVOS, ESENVOLVIMENTO'),
(1156, 284, 70707022, 'DESENVOLVIMENTO SOCIAL E DA PERSONALIDADE'),
(1158, 285, 70708010, 'PLANEJAMENTO INSTITUCIONAL'),
(1159, 285, 70708029, 'PROGRAMAÇÃO DE CONDIÇÕES DE ENSINO'),
(1160, 285, 70708037, 'TREINAMENTO DE PESSOAL'),
(1161, 285, 70708045, 'APRENDIZAGEM E DESEMPENHO ACADÊMICOS'),
(1162, 285, 70708053, 'ENSINO E APRENDIZAGEM NA SALA DE AULA'),
(1164, 286, 70709017, 'ANÁLISE INSTITUCIONAL'),
(1165, 286, 70709025, 'RECRUTAMENTO E SELEÇÃO DE PESSOAL'),
(1166, 286, 70709033, 'TREINAMENTO E AVALIAÇÃO'),
(1167, 286, 70709041, 'FATORES HUMANOS NO TRABALHO'),
(1168, 286, 70709050, 'PLANEJAMENTO AMBIENTAL E COMPORTAMENTO HUMANO'),
(1170, 287, 70710015, 'INTERVENÇÃO TERAPÊUTICA'),
(1171, 287, 70710023, 'PROGRAMAS DE ATENDIMENTO COMUNITÁRIO'),
(1172, 287, 70710031, 'TREINAMENTO E REABILITAÇÃO'),
(1173, 287, 70710040, 'DESVIOS DA CONDUTA'),
(1174, 287, 70710058, 'DISTÚRBIOS DA LINGUAGEM'),
(1175, 287, 70710066, 'DISTÚRBIOS PSICOSSOMÁTICOS'),
(1178, 288, 70801010, 'FILOSOFIA DA EDUCAÇÃO'),
(1179, 288, 70801029, 'HISTÓRIA DA EDUCAÇÃO'),
(1180, 288, 70801037, 'SOCIOLOGIA DA EDUCAÇÃO'),
(1181, 288, 70801045, 'ANTROPOLOGIA EDUCACIONAL'),
(1182, 288, 70801053, 'ECONOMIA DA EDUCAÇÃO'),
(1183, 288, 70801061, 'PSICOLOGIA EDUCACIONAL'),
(1185, 289, 70802017, 'ADMINISTRAÇÃO DE SISTEMAS EDUCACIONAIS'),
(1186, 289, 70802025, 'ADMINISTRAÇÃO DE UNIDADES EDUCATIVAS'),
(1188, 290, 70803013, 'POLÍTICA EDUCACIONAL'),
(1189, 290, 70803021, 'PLANEJAMENTO EDUCACIONAL'),
(1190, 290, 70803030, 'AVAL. DE SISTEMAS, INST. PLANOS  E PROGRAMAS EDUCACIONAIS'),
(1192, 291, 70804010, 'TEORIAS DA INSTRUÇÃO'),
(1193, 291, 70804028, 'MÉTODOS E TÉCNICAS DE ENSINO'),
(1194, 291, 70804036, 'TECNOLOGIA EDUCACIONAL'),
(1195, 291, 70804044, 'AVALIAÇÃO DA APRENDIZAGEM'),
(1197, 292, 70805016, 'TEORIA GERAL DE PLANEJAMENTO E DESENV. CURRICULAR'),
(1198, 292, 70805024, 'CURRÍCULOS ESPECÍFICOS PARA NÍVEIS E TIPOS DE EDUCAÇÃO'),
(1200, 293, 70806012, 'ORIENTAÇÃO EDUCACIONAL'),
(1201, 293, 70806020, 'ORIENTAÇÃO VOCACIONAL'),
(1203, 294, 70807019, 'EDUCAÇÃO DE ADULTOS'),
(1204, 294, 70807027, 'EDUCAÇÃO PERMANENTE'),
(1205, 294, 70807035, 'EDUCAÇÃO RURAL'),
(1206, 294, 70807043, 'EDUCAÇÃO EM PERIFERIAS URBANAS'),
(1207, 294, 70807051, 'EDUCAÇÃO ESPECIAL'),
(1208, 294, 70807060, 'EDUCAÇÃO PRÉ-ESCOLAR'),
(1209, 294, 70807078, 'ENSINO PROFISSIONALIZANTE'),
(1212, 295, 70901015, 'TEORIA POLÍTICA CLÁSSICA'),
(1213, 295, 70901023, 'TEORIA POLÍTICA MEDIEVAL'),
(1214, 295, 70901031, 'TEORIA POLÍTICA MODERNA'),
(1215, 295, 70901040, 'TEORIA POLÍTICA CONTEMPORÂNEA'),
(1217, 296, 70902011, 'ESTRUTURA E TRANSFORMAÇÃO DO ESTADO'),
(1218, 296, 70902020, 'SISTEMAS GOVERNAMENTAIS COMPARADOS'),
(1219, 296, 70902038, 'RELAÇÕES INTERGOVERNAMENTAIS'),
(1220, 296, 70902046, 'ESTUDOS DO PODER LOCAL'),
(1221, 296, 70902054, 'INSTITUIÇÕES GOVERNAMENTAIS ESPECÍFICAS'),
(1223, 297, 70903018, 'ESTUDOS ELEITORAIS E PARTIDOS POLÍTICOS'),
(1224, 297, 70903026, 'ATITUDE E IDEOLOGIAS POLÍTICAS'),
(1225, 297, 70903034, 'CONFLITOS E COALIZÕES POLÍTICAS'),
(1226, 297, 70903042, 'COMPORTAMENTO LEGISLATIVO'),
(1227, 297, 70903050, 'CLASSES SOCIAIS E GRUPOS DE INTERESSE'),
(1229, 298, 70904014, 'ANÁLISE DO PROCESSO DECISÓRIO'),
(1230, 298, 70904022, 'ANÁLISE INSTITUCIONAL'),
(1231, 298, 70904030, 'TÉCNICAS DE ANTECIPAÇÃO'),
(1233, 299, 70905010, 'POLÍTICA EXTERNA DO BRASIL'),
(1234, 299, 70905029, 'ORGANIZAÇÕES INTERNACIONAIS'),
(1235, 299, 70905037, 'INTEGRAÇÃO INTERNACIONAL, CONFLITO, GUERRA E PAZ'),
(1236, 299, 70905045, 'RELAÇÕES INTERNACIONAIS, BILATERAIS E MULTILATERAIS'),
(1258, 320, 80301010, 'TEORIA DA ARTE'),
(1259, 320, 80301029, 'HISTÓRIA DA ARTE'),
(1260, 320, 80301037, 'CRÍTICA DA ARTE'),
(1262, 321, 80302017, 'PINTURA'),
(1263, 321, 80302025, 'DESENHO'),
(1264, 321, 80302033, 'GRAVURA'),
(1265, 321, 80302041, 'ESCULTURA'),
(1266, 321, 80302050, 'CERÂMICA'),
(1267, 321, 80302068, 'TECELAGEM'),
(1269, 322, 80303013, 'REGÊNCIA'),
(1270, 322, 80303021, 'INSTRUMENTAÇÃO MUSICAL'),
(1271, 322, 80303030, 'COMPOSIÇÃO MUSICAL'),
(1272, 322, 80303048, 'CANTO'),
(1274, 323, 80304010, 'EXECUÇÃO DA DANÇA'),
(1275, 323, 80304028, 'COREOGRAFIA'),
(1277, 324, 80305016, 'DRAMATURGIA'),
(1278, 324, 80305024, 'DIREÇÃO TEATRAL'),
(1279, 324, 80305032, 'CENOGRAFIA'),
(1280, 324, 80305040, 'INTERPRETAÇÃO TEATRAL'),
(1284, 327, 80308015, 'ADMINISTRAÇÃO E PRODUÇÃO DE FILMES'),
(1285, 327, 80308023, 'ROTEIRO E DIREÇÃO CINEMATOGRÁFICOS'),
(1286, 327, 80308031, 'TÉCNICAS DE REGISTROS E PROCESSAMENTO DE FILMES'),
(1287, 327, 80308040, 'INTERPRETAÇÃO CINEMATOGRÁFICA');

-- --------------------------------------------------------

--
-- Estrutura da tabela `tb_tecnicos`
--

DROP TABLE IF EXISTS `tb_tecnicos`;
CREATE TABLE IF NOT EXISTS `tb_tecnicos` (
  `ano` text COLLATE utf8_swedish_ci NOT NULL,
  `atividade` varchar(50) COLLATE utf8_swedish_ci NOT NULL,
  `participante` int(11) DEFAULT NULL
) ENGINE=MyISAM DEFAULT CHARSET=utf8 COLLATE=utf8_swedish_ci;

--
-- Extraindo dados da tabela `tb_tecnicos`
--



-- --------------------------------------------------------

--
-- Estrutura da tabela `tb_usuarios`
--

DROP TABLE IF EXISTS `tb_usuarios`;
CREATE TABLE IF NOT EXISTS `tb_usuarios` (
  `login` varchar(20) CHARACTER SET utf8 COLLATE utf8_swedish_ci NOT NULL,
  `email` varchar(50) CHARACTER SET utf8 COLLATE utf8_swedish_ci NOT NULL,
  `senha` char(64) CHARACTER SET utf8 COLLATE utf8_swedish_ci NOT NULL,
  `data` timestamp NOT NULL,
  `tipo` tinyint(1) NOT NULL,
  `acesso` tinyint(1) NOT NULL,
  PRIMARY KEY (`login`)
) ENGINE=MyISAM DEFAULT CHARSET=latin1;

--
-- Extraindo dados da tabela `tb_usuarios`
--


COMMIT;

/*!40101 SET CHARACTER_SET_CLIENT=@OLD_CHARACTER_SET_CLIENT */;
/*!40101 SET CHARACTER_SET_RESULTS=@OLD_CHARACTER_SET_RESULTS */;
/*!40101 SET COLLATION_CONNECTION=@OLD_COLLATION_CONNECTION */;
